user_id,openness,agreeableness,emotional_stability,conscientiousness,extraversion
8e7cebf9a234c064b75016249f2ac65e,5,2,3,2.5,6.5
77c7d756a093150d4377720abeaeef76,7,4,6,5.5,4
b7e8a92987a530cc368719a0e60e26a3,4,3,4.5,2,2.5
92561f21446e017dd6b68b94b23ad5b7,5.5,5.5,4,4.5,4
030001ac2145a938b07e686a35a2d638,5.5,5.5,3.5,4.5,2.5
f91b2fb085d0feb47b86fc81b10207ee,6,3,4,3.5,1.5
f7b0502be8c86203ce6acaffe59f993a,4.5,4,6,5,4
36f31ef9879b4de96977aeba94878581,5.5,4.5,6,3,4
653bb2f69ddd19e1cf1f9e1871916d71,5,5,5,5,3
89d365a0d0f1a80ae8d079079a078155,6,6.5,2,2.5,3
4d92401ed253aab37fa28a68d5d24d87,6.5,6.5,7,5.5,6.5
875afaef12d7872b644948db1bb3040a,2.5,6.5,7,7,4
2507e0e5af7f4c6bef436c8cd0e90bc3,6.5,4,2.5,6,4
7500db258d55789ef86cbb29ffcb2016,7,3,2,3,1.5
4d9071f72df26fe1d04196c8c6bb126e,5.5,5,6.5,5.5,6
67fc933eadbe711d020d3f3c2136b087,6,4,6,3,6
a258fd42676ec2550796eeb1b0028ea0,5.5,3.5,3,6.5,2.5
e0ae9890c58fcfe19c89b45f5871add2,5.5,6,4,3.5,1.5
0c6e74d0739fb94e2f3c8e5605497bbd,6.5,4,3.5,3.5,4.5
b6a8cb7e55cbf2c1bde7f2b252203272,5.5,2,2.5,6,2.5
7211a6a66a5fc549e2d74dacfbb555b2,5.5,4,5.5,4.5,4.5
2d274b0dd0a7fe38bb172aed02270a7c,6.5,5,5.5,5,5.5
428db88497a65655feb825365ad29a4a,7,4,5,5,3.5
32babaf7d63853c83739e371efba6929,5,4,2,2.5,1.5
183a0f30268fa6fda7b3609f8bcf0f44,6.5,2.5,3.5,5.5,4
eefef5e8659f07c7ca44b300d51559d6,5,4,5.5,3.5,4.5
838c3893b7166571c97e796dcaf456d7,6,4,5.5,4,3.5
79a402185248690bdee40163a140fde4,5,4,5,4.5,2
56e60808b468eb5f0845616fe2714974,4.5,5,5,5,3
78dca3ab3acdb0ad101245e95332ac68,6,3.5,6,4,3.5
10ee6ea6bfb79401fc78e92deba3d2ff,5,3.5,3.5,5,2
dd9a68f52fd23e04592bdf08af807371,5.5,4.5,4.5,5.5,2
c2daea04f1d84f2aa999c92200ec0222,6.5,4,4.5,4,2.5
fb6cc72fc2af933f3c6808fb9a6676c3,4.5,5,3.5,4,2.5
ef94eddb28db4edca56013331b5dec8e,5.5,4,3.5,5.5,4
d99db273e834f955834ba6ef2a2b60bd,4.5,3,5.5,7,2.5
cacdd140e39b8f7d9cd5c34781ab1c7c,4.5,3.5,3.5,3,4
e7c8485a3bb3eab91465cc76dcbd4748,6.5,3.5,4.5,3,6.5
e11b65eb0dcb3c57eef5ebd096a5fd6a,6.5,3,5,5.5,2.5
8bb877fc4d206e9633f41afcf6f434da,4.5,3.5,2.5,5,1.5
4889e49b9f9ee173d10403b1bbcdf807,7,5,6,6.5,5.5
977f6a958c559679b9dca86180611d47,4,2.5,4,4.5,3
485945b55ab3de6f0b9310efc3f6df6a,7,3,7,7,1.5
c0d05df54bcd2985bcd24c3bed2bfd71,5,4.5,5,4,3
f85537ffab5ed6070c16e0d3c5475a29,6.5,4,4.5,5,6
ca12127d5f1198713631a62145557cf5,6.5,5,5,7,3
298aaf1709b835aede4a4d176445c986,6,5,6,3,5.5
b94e3f9b71ee6dc3098eb2a5b01c21ee,4.5,5,6,6,1
0eae92629ffc0a7f8e3da331d6165c22,4.5,3,5,3.5,3.5
79e686209f702d41a8bbb321e093bf06,5,4.5,3,4.5,2.5
4d96607fb54831bf0c2eadf935949509,6,3.5,5.5,4.5,2.5
394fbaab64153b5b0db2344c7e1bc7b8,6,6,6.5,4.5,6
0abb6de2204f89752425ce67efcb8a45,5.5,4.5,4,4.5,4
8a06e1eb68189ccd352d8c64f09906b8,6.5,2.5,3,4.5,4
2f7b73a8590616814caadf1f5faf21c2,6.5,5.5,6,6,5
a3f6f847abb6082b391ce58b93a72892,7,3,6.5,6.5,2
6cb8b74bf49c9125022d672af1a18df6,6.5,3.5,4.5,3.5,5.5
748784f3d73e3646d2094242769ebd75,6.5,3.5,3.5,7,5.5
bf365c8d86810cb26e345d00b566dc85,5,2.5,6,6,2
2991b667daafb17933f40ff1147f592a,5.5,3.5,4,3.5,3
aa896478c00fac4050d39a232ed136d9,7,4.5,6.5,6,4.5
8089532820067141cdda1bef0e24fe6e,6.5,3.5,4.5,4.5,3.5
c11e293807ce2c2f67d577a50ad114eb,7,4,6.5,3,5
b6a98cdd574405de0a180be9e0eafe73,4,4.5,3.5,6,3
670f95d37827130426f3ff36ded5fc13,5,4.5,2.5,3.5,2
beaca1a921f1f14b352bf3fedb19b354,7,4,5.5,6,6
9fbafed65ef7f97b21f10c266d2c819f,6.5,3.5,4.5,6,4
a8628b669a0078a4ed4fbf82b6e047d7,5.5,4,5.5,4,1.5
41115f617c7fed70e319754f752f043d,6.5,6,6,4,4
e71887ed5a07922d41a0567ff8c79e12,6,5.5,5.5,6.5,2.5
a86bdc7d8a4a33649d3290133eb733ad,6,4,4.5,4,5.5
1526f4a779cc3723c955cddc3a353187,6.5,5,6,7,4.5
8cf9bfa3838cfc3f89f16e10a1ee59f4,4.5,4.5,6,3,3
b3ae1f573ab0da7ae549c58ca338a14f,6,4,3.5,6.5,1.5
6df3fb2cc02d06bf4e2c6135ad6da376,5,3.5,6.5,4.5,4.5
c6e04c6343a907c961108fef4a8199dd,5,3.5,3.5,3.5,4
45605c7a6be3394394827efa08a9799b,6.5,4.5,1,2.5,3
e585763cc728dbe4831d9da3a09b198f,3,5.5,4.5,4,5
7885b124d03dd6f6fb2a7ad04b752fe0,7,5,7,4.5,3
074ebec2822594b0edd299f4c537a795,7,4.5,5,4.5,7
7f60f800e807c63a865f302b2b76a156,5.5,5,5,5,4
4a2d7cb0d5db038f15697c3b99568b3a,4,6,5.5,4,2
f7ee86fd173f2330f87e9b7b8467e737,6.5,3.5,7,6,3.5
78e6499e97a0d63098287ab3e5a3d577,5.5,3,4.5,5.5,2.5
1c2e6d8d6e0cfb2b41b804da6887bdfd,6,4,3.5,4.5,3
600ec019e03ab20d98ba29e4119d2145,4.5,4.5,4,4,4
5f16b14e2d82c31755291f40e8b0ec73,5,4,6,6.5,2.5
5af58060b20eaf97e38ef38de5d023a2,4,4,4.5,4,4
832d86d3a05e2b4973c329471ee9d6c4,5.5,2,2,1.5,2.5
bf179c359f7f3a40ef7dc0cc7a96d916,4.5,6,5,6,3
3cb885f5bbba64cea284e9332bea1d41,6,1,3,7,3
dcc6eb2145ef8a8f576cb97b62e79359,3.5,5,4.5,5,4.5
c44856e84d0bf38ab29aac2e4ed37fb2,6.5,2.5,4.5,4,5.5
74fc5fd7972ee74838cf90c79e7468e3,4.5,4.5,6,7,2
dda27bce673baaf7c1f2d227d6c04f42,5.5,4,6,2.5,4
10cb5cdac57f0bdc611a9c515218cb3a,6,3.5,4.5,4.5,2
606c283f935f7934c965ca764a743959,5.5,3.5,5,5.5,4
3f77830c1b96c0ce003e248a069cf61d,6.5,4.5,2.5,5.5,4.5
b2ca52bdda6d8c8fd621d1afeda56d18,4,3.5,3.5,4,4
556696f7f504c83ddc53459509379d53,4.5,4,3.5,5,3
9959ffe4dedb8041d94c104e6e39b1cf,7,3,6.5,4,4.5
5574eba2387a0b2307f446ac87c2e2a3,5.5,3.5,6,5.5,3
8f9f2afd1bdec2bc0ac0711654610368,6,4.5,5.5,4,3.5
e2f13939d143d8921c77407f1faa36d6,5.5,3.5,6,4.5,2
03b6619900e1f5554bc066fe5be755ed,7,4,4.5,6.5,1.5
fa51c8a9ad4010eae58ef1345aa6a241,5.5,6.5,6,6,5
51deb51779d69d0947428ce7f65de264,4.5,5,3,7,1.5
ecc745900000136738f3bc574ae233c6,7,2.5,5,3.5,2.5
a016f499808cff7b7912ecea5fc3bd92,6,4,5,4,2.5
353ff77978efc9ba25632dc21d837bdb,6.5,4,6,4.5,4
1d3043a095d56bbba6a4fc9589edc6df,5,4.5,5.5,4,4.5
ee6e559a70c5b3b092fffc14e94fc89f,6,3.5,4.5,2.5,4.5
361ea6536a6f61563495650b55f70e8a,6,4.5,3,5.5,6
c37b3d7813f3e6642e47ed82c46fa8a8,5,4,3.5,4,1
25818c3dd647d4a78eebad93b2191c4d,5.5,3.5,2,3.5,1.5
cd1a74f9c820092953698e2776307427,6,3.5,4,3,3.5
d9924c1cad7cfaaf0143c73323ecf75a,6.5,4,6,4.5,3.5
fcdd8aebd0b45961e07b82a64994f9cb,5.5,4,5.5,3.5,5.5
2d5091f46b227e53ec876e460c7fd31f,7,6,6,4.5,3
a66e7f83b26de15fef7b721f75affee6,6.5,3.5,2,3,3.5
4f9172efcb81db834498674dc3e03570,7,2.5,6,5.5,5
4d3868d25a632ec1f26b9bd2d9bc5678,6.5,3.5,4,6.5,6
5fe6685734bc25fd5d7796414305cacc,4,2,3.5,3,2
0a15cfbb832dad71e3dff5a54f6f6744,6.5,3.5,7,6,2
0f741cad145cb26ecb0105b3525e1ecf,5.5,5.5,3,4.5,2
20713248bf5a8181bc2feeb0ffbf9ee2,6,4,3.5,5,1.5
1beb192fcbfba3b6afa17b00ae68605a,4,4.5,5.5,5.5,6
8e6ac49cfc652f613945d0122864a0bc,6,3,6.5,7,2
bc594620812a29d7c814ee128bb12427,5.5,4,6.5,2.5,3.5
f1b4c71d4f779ba63ff8e6079e0f956b,5,4,5,5,3
638167696ccf09b6cac03aff39ac381a,3.5,3,3,5.5,2
86909896cc043504051d9aa5b062e65f,4.5,6,4.5,5,5
92db41588fb6acb7b8056401602ed159,5.5,1,5.5,7,1
9c337bc9a8eae89122bbe726840f9d56,3,4.5,4,6,1.5
0867d54431f3ab8832122430352b1c5d,5,3.5,3,4.5,2
303cf2ce8a2b17c753a8d3be988e11fd,5,5.5,7,7,1.5
4638502dc978788ec9d44e64e43a6757,6,4.5,4.5,4.5,4.5
4638502dc978788ec9d44e64e43a6757,6,4.5,4.5,4.5,4.5
4638502dc978788ec9d44e64e43a6757,6,4.5,4.5,4.5,4.5
4638502dc978788ec9d44e64e43a6757,6,4.5,4.5,4.5,4.5
4638502dc978788ec9d44e64e43a6757,6,4.5,4.5,4.5,4.5
4638502dc978788ec9d44e64e43a6757,6,4.5,4.5,4.5,4.5
4638502dc978788ec9d44e64e43a6757,6,4.5,4.5,4.5,4.5
4638502dc978788ec9d44e64e43a6757,6,4.5,4.5,4.5,4.5
4638502dc978788ec9d44e64e43a6757,6,4.5,4.5,4.5,4.5
7f6196cb38a8743fc7b0074fb22fed51,4,6,6,5,4
20a4a75b95177dc14f6b9081dbd6e303,5,2.5,4,3,2.5
a5f33f1822d09635446a5c6b6c9fd2e4,5.5,3.5,4.5,5.5,2.5
18e37deb2d36f25d6c38800f94afab02,5.5,4,5,5,4.5
efd2126d7f53a77c39bfdd818a903e76,4.5,4.5,4,4,4.5
cd3006656ff803042fd9ac99a3f0f9f5,4.5,4,5.5,5,6
5793d3389ed374077fb52edf7f1b0c67,6,3.5,3.5,4.5,5.5
eac2e1281daa55e8303d234ad31b6fde,5,4,5,6,6.5
edfa9b859c9570eeaa11708eb867f59f,5.5,4,6.5,6,6.5
edf136ea4b8d6ea43f221d3ec0681d1b,5.5,5.5,6.5,2.5,2
52010b521656518e8aa3937301e08b43,4,3,6,3.5,3.5
2a07d165d2b0edb986114842d38c6d96,2.5,4.5,5,5.5,3
2d308fa640bc031d7c439d20619b6108,6,3,6,4,4
353d73a2d9c5ba0b21e4186d567502b3,5.5,5,4.5,3,2
10dae2db89bc660a12ae0a03ec03a28d,6,4.5,2,4.5,3.5
d378c1181977ffb28cf8e6b7f1c1e178,5,6,1.5,3,1.5
51486a050b36f396d461df563f9a8772,5.5,7,5.5,6,4
dd91994e50a6958da1684d70cbc38448,6.5,4.5,4,7,1.5
efa5986beae190da893c945cb20e0adb,6.5,4,5.5,5.5,3.5
786d18a26d4a6a97f97df8e7ac04a5c7,6.5,5,4.5,2,3.5
19812ede65f4926b814f3c21d78af3c7,5.5,3.5,6,2.5,4
badbb6d131b0db34852e5b7a6fea1ae6,7,3,2.5,4,1.5
704918231591527266cb521ba7b37255,7,3,6,5.5,3.5
d94778708f4215e6dd10b32e022df06b,5,5,6,6,5.5
543e04330448412fc8a2540c47fe023d,6,6,6,5.5,2
8f27982a6eaeba38c1c38b92e01ea2fd,6.5,3,5.5,4,4.5
6cf0999127f571d16808c058e5087443,6,2.5,3,4.5,2.5
e21b648e43e0de5c5381093191276c1a,3.5,4,3.5,6,1.5
a44eac2fba62477adfb8b519dc8ae3b7,7,3,7,2.5,4
6bb2e5d0393b5cafea63735ff0a14eca,6.5,5.5,3.5,5.5,2.5
c56613815b9f708eb9df7eb6afd42a49,6,3.5,4,3,2.5
c56613815b9f708eb9df7eb6afd42a49,6,3.5,4,3,2.5
d8a5ed118c07a72f44e920900a4288ec,5,5,5.5,5.5,2.5
662067cb7aa1cd665c05325bc6ae27e3,6,3.5,5.5,5.5,2
f3fcfc2d7f42ae5dccfd7652c7c8657e,6.5,5,3.5,5,4.5
b6526710ce105aa5e6a229bbb895cda7,5.5,3.5,6.5,6,2
b54372490fb6e3ccace51c0e3541db08,6,4.5,4,5,3
9f94b45bfa92d23e603e8f1028cd84d9,5,3,4.5,5,3.5
8667bb6dd8ba7f2c06228fc7ae5287fa,6,2.5,5.5,7,3.5
9aa6170f7b9b4a83e695a66bdf482727,4.5,6,5,5.5,2.5
486e25befec8173dae20c0dc83ad51cf,5,6,5.5,6.5,4
8a90d8a5aa3eb0be3da2c9b9cdae731c,6.5,1.5,3.5,4.5,1.5
4fae0695454a986d8328aadba1534575,7,3,5,6.5,3
d37f84871a66c3cdc56e168698eb4df3,5,4,4,3.5,2
7659442ea387e7ac749cfa103cd00e3e,5,5.5,5.5,3.5,1
406e524e5672daf6c95bd4a77b99aab1,5.5,5.5,5,5,4.5
381bf101484423aeae3cdec929ea7bc9,7,4,4,1,7
4bac3a1b102aa762bb7e0e6dba956848,6,2.5,4,3.5,4
90eb6bb64582f5f267d5878b13889e13,6.5,3.5,3,4.5,5.5
08614ffe83a9fd656e55a3b04ad63260,4,5,5.5,1.5,4.5
65d4d19da29991525bee31a46234c2f3,5.5,2,4.5,3,2.5
7f9708943d2b76715b1ea4c806eaa0ce,5,4.5,4,5,3
8dfc6bf83800d081dd4bcec2468d6b9e,6,5,4.5,3,3
060ba368aa0c89036bcd60d2eaf0821d,6.5,4.5,2.5,5,2
1ac24c5d40258d0fb475b6245f162f8d,5.5,5.5,4.5,4.5,1.5
8b9e61814ef647f8c5ae98e10850f06f,3.5,4.5,5,4.5,3
da8db4006fe6c67be94f8a614ad1f4c2,5.5,5,5.5,4,2.5
f9603f3aae08b94fe9ef7b63f0d43024,5.5,2.5,4.5,4,2.5
71682560577748eb0b869b6462112f37,5,5,6,6.5,3
54a8d9bafb14bbc34bd29bb43afd4f9a,5.5,4,4,7,4.5
03e2da2157f1a7784d4f832c99e445ca,4.5,1.5,1.5,1,1.5
c623f6851b15b4c186774ea9955589e5,4,3.5,3.5,2.5,2.5
65aeb1745e7cdf4642109a670b4d6458,6,3.5,7,4.5,4
6a053797512306a66c59b6cff357cc06,5.5,4,3,5.5,2
7ffab5e3c024846850f64eb201158056,3.5,4.5,3.5,5.5,1
58a83486a60dace4c8af7063547a49f4,5,5,4,4,2.5
4d39661a6f14a86294dcb3de363fd611,5.5,5,7,5,4
2eec4f7595ed7e12c5a3bc569201be75,7,4,5,5.5,2
64efa50b45006b598299b36668c8239b,6.5,5,3.5,3.5,5.5
dcb530d26152e6752fa160a814de746d,5,3.5,3,3,5
912e6694323e3ff866454a3dec7a3191,4.5,5,7,5,3.5
7eff941fb12dfce8f7ee4c2df3ba7c95,1.5,4.5,6,5.5,1.5
81c003cb981c02b9505b36fd24719f34,5.5,2.5,3,3,1.5
6e0a23b6ba9f545e9710e84d6abbbbb7,4.5,3.5,5,6,1
5062e82d9cba84189619eddeabf75b61,4,4,3.5,4.5,4
ad1eaec7f349e41a8294f4b37819abf4,6,1.5,3,6,3.5
1589809ad03d8e959aa877fcb4e2d409,4.5,4,4.5,5,5
4553b9eb63ff23c392c5387e59499443,5.5,4,3.5,5,3
38c6ad75bb8b9fc638c9b04125c17327,6,2,2.5,3,4
b72d1cea770268863d0d2d29a1bd5ec7,6,4,3,5,3
bbb86c7543b10351c5383686af32e343,7,1.5,2,6.5,1
5f026502b710cc151ee87ae8f87f4b5d,6,6,3,4,3.5
526ca835abe8d4fba1c3df064ce4ff4c,6,5,5,4,2
4ab3349d1049a8fb87c9251949ef151b,6,4,4.5,5,4
71ecdf86e2b14ada2f0818436eec5d08,6,3,5.5,6,3
0d3c66e7cfdb6eef3fbe49735a9a675d,3.5,5.5,4.5,6,2
22a90687d75b8a1c3c2728b509f6038c,5,3,4,5.5,4
232d2f22041afde422287a0028a76213,4,3,3.5,4,6
f75ca3a770eff0f9ec5cfe7f8958ee95,4,3.5,3.5,4,1.5
b859f082abcb36d7172ee75198a7153d,4,5,5.5,5,4
3bb6ac2a53ef5952c766c1a3ef4147cc,5.5,3.5,4,3.5,5
fc53446ee27f8ddd2950eb46f3a69d4c,4,3.5,2.5,6,2.5
a365eb5c2bc825c8bb833ff0bd3f17c7,5,2.5,5,5.5,3.5
327856e80e5b3d161fe06de77dae0a75,5,4.5,4.5,3,2
e46267204fe0da35710877834f57a3b4,5,3.5,3,4,3
69d76280e729549e9a473cb1311f66ff,6,4,2,1.5,1
7022dea54f1bec65ee4e538ffcd84a6a,3.5,3.5,3,4,3
a88b5a4e66f02d062ab7a48b7cd8c7df,7,5,6.5,7,5.5
c10b484c3f63a9e542c1f16c040c67e0,5.5,3.5,4,5.5,4.5
46129e09a0c43f1076de43940bdef444,6.5,3,5,3,3
2e3fd5ac66876b88871475e223e2a886,6,6.5,6,6,6
677e7b5a7940508fd61493b9c9c5e9c6,6,4,6.5,4.5,5
83408379248e8cd55567b94a256112dd,6,5.5,7,7,4.5
6ed2b68d81517c07df7021d48fac54e9,5,4,5,3.5,4.5
76687b29c04a6f0e657ae2577f742d4f,5,4.5,6.5,5,3
318b8b8173dbe08826361d569469d89e,4.5,5,5,4.5,4
3e1c3ef46aaa8b57458d2df424f99f1e,5,4,3,3.5,3
f3747b8108c7c49cacd81747b7069e7e,5,3.5,4.5,3.5,3
1b0ea76e8cbb57d3a8810be5c8d476f8,5,3,6,5.5,2
9272ed3b8dc619b4f9db9e77a99cc8f3,5.5,3,4.5,5,5
5235f99bc3f1b24867aa647d389e6e3f,4,1.5,2.5,6,1
8834c73dd9fafa87e3e0b78a539792af,4,5.5,4,6,4
2681d2f166d9d5351accab7ca1c6b00c,2,5,5,5.5,1
8ff1d39a31b8e5be6feb61e517b9b04f,5.5,4,7,4.5,2.5
574c857ea4e6df0d97f75df6a03510a5,4.5,3.5,5.5,5.5,3.5
17998bc86567f5b606e15df37749eb53,5,6.5,6.5,5.5,6
78e93072cfe874f20e5bf6ab7b815a7f,7,4,3.5,4.5,4.5
a4e5c4f5afe713f8e8dbd4796c974144,5,3.5,5,4,2
66a2cd97b33a8c7095a7e97311b1591e,4,7,4.5,5.5,2
0c0d338aed34e0b42e4d849ffc0e60b1,3.5,4,3,3,3.5
702c2cb4d90f4bcbeb00a993c4239046,5,4,4,5,4.5
658af870ba8eacc717950deb275fc837,6,5,5,4.5,2
cace7b4da14681eb626c2475e5bef741,6,6.5,3.5,4.5,2.5
22b161ed7c8e52a16a304bc847122353,6.5,4,7,6,4.5
e53fcf997ebedccd13b199bbee78592b,5,3.5,4.5,3,2.5
9ba0ccf0a69ae15c85d1b289baa4d494,5,6.5,4,4,2.5
9ba0ccf0a69ae15c85d1b289baa4d494,5,6.5,4,4,2.5
01aedde55cfaf3825b8f1e162fda5225,5.5,4,3,3,1.5
497b39a8683a53512c8def4efa0caf5a,4.5,2,4.5,4.5,1.5
1ae8bd98b2654b83aff78ab5ef9f48dd,3.5,4,5,3.5,2.5
02e224a227567e5bec151ae71b0b0d35,4,3,5.5,4,2
11be3af40931ff45392d64a291ddb9ef,5.5,3.5,4,5.5,4
8c4fe00448b5cf2833c438204ebfff8d,3.5,4,3,3.5,3
70c3300e28e636b10ac748f266ae813b,7,6.5,4.5,5.5,4
5e87e52483aa882b74bf8234b6d167cc,5,3.5,4.5,5.5,3.5
bf9cf1035e0fc5a1ea4fb2eddec7ee88,7,5,5.5,2.5,7
15fa8bb95dc74d072cca7f915f0a528c,4.5,6.5,6,6,2
d890f33e2b71506322bde37f3abafb71,6.5,2.5,5.5,4,2.5
bd93a6a6fd678f2b2b45e85b36cabfb1,5,3.5,6,5.5,2
f749053333e87cf73f500bc3fdfec450,6,6.5,6.5,6.5,4
93c69e53c4efd6eb44fbb7af48d19136,6.5,4,4.5,5,5.5
2e6437ea97d46ed8303864645acd79d2,6.5,4.5,6.5,4.5,6.5
a42e355e83b3c6d06464a082b7242bed,4,4,5,6,2
d5dd6d18c1290b53070495a62a8670ec,5.5,3.5,4.5,6,3
bce86158a455f637e99ef8a6cab948e1,6.5,3.5,2.5,4,5.5
f735a214472876a0c68cbb4647f4a6da,6.5,5,3.5,5,3.5
8b70d9f04a409b47114368b3a0f753c4,5.5,6.5,3.5,4.5,5.5
f7eacf6c01e85a6fa1da6ec7f86b4b37,5,3,3.5,4,2.5
653ce8c43deb43f929689aa192fd160e,5,4.5,4,6,5
2a99ca0d9a639ac1be967a3e941f2f74,7,4,2.5,3,7
bba645691bc7e0fd7367213da7bca95f,5,3.5,3,3,5
af5b26160c51d2185fef4e524b0c1a31,5,3.5,5,5,4
8fe3abb4d69e09eca5b7ee1eba8c3c28,4.5,2.5,1.5,5.5,2.5
45a7ade9f9db5470a11d877096404dc9,6,2.5,4.5,5,3.5
e1722ca7e910c77340502803541fc516,5.5,5,3,5,4
8de482e14a2ee5400c11ce8e7ead2ba1,6.5,3,5.5,5.5,3.5
56e06bea8cc11477eb0e5dd2b5804ee6,4,2.5,3.5,7,3
d0310993ced219c9d5f81c0e930d0b5c,7,6,5,6,3.5
391f02411f9fbf8564742db593cadf3f,3.5,6.5,6,7,2.5
fda31855437976e98a09cd75ca25d37c,5,3.5,5,3,4.5
405dffe332555028ed6b82f3a9845370,6,2.5,5.5,5,4.5
145404f0367d7fb26eb064b1e7a07685,5,4.5,3,5.5,2.5
06bd71884b7d8fb0e814aa016b6a6d9f,7,4.5,4.5,3,2
726975842d6b74479e036a88a7d8064a,5.5,3,2.5,4,4
dc62114f0f8277397ff03686faf02d9d,4.5,6,4.5,4.5,4.5
3e3b479076bd0aa885c44cda056f5c70,5,4,3,4,1.5
274c166f636bfe5b05d129f284ab3862,5,4.5,5,6.5,2.5
09cdd60b9872b88c8d7e8b655b348bb5,5,4,5,4.5,4.5
e646a41cf0fc231116f31d0a07140bf9,5.5,3.5,6.5,6.5,4.5
ceb9999feb045cc6449a0e4aa9ec9d0b,6.5,3,3.5,5.5,4
8a663d7af9fa71406b668901d1924ef3,6,5,5,6,3.5
e2db1205361289699738f96463e37971,4,6.5,5,4,5.5
80b864a34a629aed7c7a1242f9cbeca9,5,2,2.5,3.5,3
d8a9d52bc4a210e680b2ddcff4e2ec0c,5,5,4,3,4
13e6dc83483b272928d613cb69ed9e2a,5,3.5,5.5,6,4.5
0df997a88db577e0b3e38606858346e7,4,5,5,4,3.5
ec25b6b66b2e49b7e0bb3e74a23a65fa,6,4.5,3.5,6,4.5
8de3f511c82a1a152ff16a986c2884c3,4.5,5.5,6.5,7,3
cb4ef7257fae75736b689ba8591b7670,6,3.5,5.5,6,4.5
94db40b32bda57a7c1830184122cb005,5,3.5,4,3.5,1.5
930f629e8b7182f0a51582b15ba86160,5,3,4.5,6.5,2.5
92c50cf422ff3aa91114677c489b12f8,6.5,7,6.5,6,5.5
caa5b8067980402f57ca5d1e50399132,6.5,4.5,6.5,2.5,5.5
c06a8ef4fcb95e59d2206e77e5d062c3,5,3,4.5,3,3
d73dd34c556a0df3881b25bc4e42db99,2.5,3.5,2,2.5,2
d66762ee504e83149495a6eebf8c8959,5.5,4,5,4,3.5
48a52207c776c04f3419db9ab6a2cbd1,5.5,4,5.5,3.5,3
1ed84e41d1199bd80978e5472689de49,4.5,4,2,4,3.5
fc32d2ef26c4fcf6cbeb2cd222dd56c3,5,4,2,2.5,5.5
0f82403932a76192f2803e283e135bed,5,6,7,4.5,7
1a4926479ca0b4c42df6cefb89aa59d9,6,6,5.5,6,5.5
2a46cb7fac675410cd4457460a1630fc,6,3,6.5,2.5,1
49d2982c19ef8cae75f7aa3099285fb2,7,3.5,6,3,4
5dcd3690af8b3b9638777d62e72a73e6,5.5,3,1,2,5
fcae1da08cada2c0d65feadac557de3e,5.5,4.5,4,4,4
7bab2dffdde2dc0280f291194aec45b1,3.5,4,6,5.5,1
567a46b79c1c6dc848a1cfde7229d124,4,4.5,6.5,5,1.5
b1ffe66c21dd068ecda89ae83d0efabe,3.5,3,4.5,5,2
e42e43802f7d90867d9fc1d563dbf328,5.5,5,6.5,5.5,5.5
e2ff8ab4555623038de762dafe9fe2b2,7,4.5,6.5,5.5,6
581318c4039db9284d28dd41480c7d4c,6.5,3.5,5.5,7,4
44e7abdbd92f204d75325440946a72cc,4.5,5,4,4.5,4
72a7fde12307154e7c5125676c234a20,5.5,3,4.5,6.5,2.5
e9ba9fd6f504f157b6a92cd62a2ef4b7,5.5,5.5,4.5,3.5,3
1e0b304a9275e1e1579cceab9c476c55,4.5,6.5,7,3.5,1.5
a9c0a02a48e3206e3efa9572b9cbed74,6.5,4.5,6,4.5,5
c25c7d0ae64ce7f2175227eccac58fd6,7,3.5,7,6.5,4
2ff9b7f6e89fd7b705a0336d406c3fba,4.5,3,5,5.5,2.5
29d3fed099a51e11df36064a6465e4eb,4.5,5,6,6.5,2
5703de3548ff252d497ed77119eccccf,4.5,3.5,3.5,4,2.5
a916e5e0c713059b14efbc3553e554dd,6.5,6,5.5,4,1.5
55ba31691c676e6b33b4a3c284980490,7,5.5,3.5,4.5,2
ed188b310bfe08aa3fb39d496693d271,6,4.5,5.5,4,5
abb3365a8b5a8ed98497110974d21089,5,4,3,3,2
f9d5f3679105db1fc8099bfd9586c840,7,3,6,5,1.5
7784e2d523d6d241bca34c5d8a8d642f,5,3.5,4,3,5
258490600493aaf3463350984a0190a7,4.5,2,6,6.5,4
e6cd1317760d4e38601623203f521e86,6,3,6,6.5,2
8bc244a0172ec6c12b115c5c13362d75,4.5,4,4.5,6,3
120b3d64e4c26c0c457ea26dcc34727c,6.5,2,4,2,5
b682bcc838d091d6a17eceec700f865a,7,6,5.5,3.5,3
7d3df846fa66c49b6d626197d0bf22d5,6.5,5.5,6,5,5
1c6cdc08eaba89c25d00c6d96259043e,5.5,4.5,1.5,3,2
330def8b213289e93fcfb678fbb545e2,6.5,4,2.5,1.5,3.5
c9e8bde2288e032514915733c68e6d98,6.5,4.5,5.5,7,4.5
aa675e0f8ee4c6123a9a0a3fb1e493c5,5,4.5,6,3.5,3.5
af5504ddb7e6b50d723d24653229a3f4,7,4.5,5.5,4.5,2.5
eee07f9887fb266c41125d5d4c1c5130,6.5,3.5,3,4.5,4
4778df829e30680da321827deb05fd88,5,3.5,6.5,6,3.5
8785e1793c5b4c1937d2cf759fb43bc9,5.5,5,7,7,1
8f76b389b0bd71c8e2bc52e516287fc6,5,4.5,2.5,4,2
daedbccc0a0070174732f5b82fe02343,4.5,4,5,7,3
a1fedc8de294a95fcb8efcd83ec5854c,6.5,1.5,2,4.5,1.5
da7b09437c85d423842da348275dcd1c,6,3.5,4.5,1.5,2.5
9a110e15f113faef8c5e393241316ea9,5.5,4,4.5,3.5,7
fa1406e3ad87b6198457191c48dfe34c,5,6.5,7,6,2.5
c2d26651f5f0fa9bbc62098a5b78db9c,6,3.5,5,5.5,4
c65388b2802d963be58bb0837b4dc8db,4.5,4.5,3.5,6,4.5
1dee7ead0cd183ea2004f928e9a8da84,5.5,6,5,4.5,5
ab447a5da1a868cdc09bae1a2c182e60,6,4.5,6,3.5,4.5
0af6e4acd1cddf76c5378d20e3bfcb9f,5,5,5.5,3.5,4.5
3b55147107fc9383234c4587c8c2dc83,5.5,3,2.5,3,2.5
4a29134f1e3a144607dc0e691da6526e,5.5,4,5.5,7,4
a1c72e3806aaa45dcf10e905a10ad11e,5,4,6,7,2.5
4e0bee93a8d74e477f7f891a8057a157,5,3.5,5.5,7,3
8f45de0d6ded99d3c81f32100d08ab85,3.5,4,5.5,2.5,4.5
af9d66507b76a890adf68348360207ac,5,6,6,4.5,3
9090ec44d3652c058a5163f68fd2f3af,4.5,4.5,3,4.5,6
e5c75a1bc0d12b3db74ddc9711918e11,6.5,5.5,7,6,5.5
5b195b2c2a17cbbcfebed83a8c608163,4.5,5,5.5,5.5,2.5
86e7f7dedfaa148af546651c3d9a6094,6,4,6.5,6,2
a7facf9671c4dd8d412b8b874ef41ec9,6,5.5,3,5.5,5.5
840012d08218ace331b367f1a5c7fd0a,5.5,3,4,3.5,3
1ae8c81b9be573edbd744210bc45d744,5.5,3.5,4.5,6,6
8cfdaed1bb0ac5af9f9de3b2c4b31f41,3.5,5,4.5,5,1.5
9506c5c93356b984bdd17a7d48a36997,5,5.5,4,4.5,1.5
d9955166fbdbc60ca80f1b36d38601d4,6,3.5,5,3,3.5
debdf27243aa9581944616f421fa3fb8,6,4,4.5,5.5,1.5
97021e7fc3f465c130c2d03a65c922f4,4.5,4,3,5,2
e4e2ad9aff8382ef405478af468268cc,6.5,4,4,5,5
863242009cfc08770d4a4b2be794ea30,6.5,4,4,5,4.5
faec1b91ec4bd3fc157f693b2d80718a,6,3,5.5,7,3.5
188b0cca409b8e0517720f18aa8a4f8d,4,4,4,4.5,2
14e7593e7101b934b13675ba2bbbddd2,7,7,4.5,4,3
c5166242b56b0127f6b6d1037f949d07,6,5,6,6.5,3
b8e8a964021cdaacc8cf565bb823c3e7,5,5,2.5,3,3.5
625f88fb17ac40171df6a6cdab29ec6f,4,4,4,4,4
a8033e5ab918469531962e48d81d856a,4,3,3,5,4
47d4ba72fc6e3a6c6eab27a767f14ff6,4.5,4.5,4,5.5,1.5
89842678e49839b0888730e44064a0fa,5,5.5,4,3,3
02a0cec24fbb27d78ffbda37da798f78,7,3.5,5.5,4.5,4
75ec3b5ea4aa7effbe6c494013e7aabb,6.5,4,3.5,3,4
b93ba876c34a1dbc9797751cee59da44,6,5,4.5,4,6
affbab28e5ce9df9c9a9aa3bf622ec54,4,4.5,3,3,3.5
a04b0764547ee0c997c14e1d1fa93b46,7,5,5,3,7
72558bcd98294d091c45b81e86fe13fb,6.5,4.5,4,6.5,6
dc22a8f8592618aad36fc082078c172a,5,6,5.5,7,4
1931bb2297eb95a80dd414846533eefd,7,3.5,3.5,6,2.5
f0bd627b1d3777fc865b75df1d9b766a,5,2.5,5.5,6,3
fceeff16ff8e0a46ced573bd7301293b,5,4.5,6,4,1.5
7dc25f41c255d670cdf6d9f89afc802a,4,5,6,4,1.5
2429936e4eff2733232668c0e0fd053b,4,5,1,5,5.5
732dece422610d96382b98a602a1cee1,7,5,5.5,5.5,3
2d18ce674c2618397c6b69319a949143,5,4.5,2.5,5,3.5
0fb769e708c82cbbdbc89c930b257f48,5,3,4.5,4,2
123a4ae0b0904fbec6fd1c90ebdf583e,6.5,4.5,3,2.5,2.5
820c97972b265b8f1c3511959e80f974,6,4.5,4,2.5,4
c1fad731632be2e740f52592881dbee0,4.5,5,5.5,3.5,3
b6648870eb61ee8a7e3419c7ceac9d0e,4,1,2,4.5,5.5
e86457ef97730a4505cab3364ecc7031,5.5,4.5,3.5,5,2
5e92179708a9f096d6fa797b268eb358,5,3.5,4.5,4,3.5
b12bd723297e13f94d6dce17996af49c,5.5,5.5,6.5,4,3.5
44c7f5d8df325a8dfa1140bbd5825d89,4.5,3,2.5,6,5
f57365d6324f25b1c718df4d00bd265e,5.5,3.5,3.5,3.5,3
908fdd7c177fcbcda1577d5fc44ed548,5.5,3.5,4,5.5,4.5
9e24d06ab3b47d5cbd72e6e5c6c430e3,4,2,4,5.5,1.5
8c17370ba034b13cfa56e00ac3d304af,7,6,6.5,4.5,2
defd45f83df9a62166df4bdbd0a1ce2b,5,4,6,6,1
97e0e773d48fcfbc59dc1e4549f1216e,5.5,3.5,5.5,5.5,4.5
a169258b51170f60e5d6f3582f6c8fd9,5.5,3.5,3.5,4,3.5
066255f729cdb41ce23e139322380532,5.5,6.5,5,5,1.5
8f3a59e201178eda99646354098f5c81,5,4,6,6,3
fc58dce252159c584a1402c8e1d79f38,4,4.5,4.5,5.5,4.5
01a88049c6c3c11cf94e1921a042a2f4,6,3,6,6.5,3
9e05723599ab46d45a116e781733e00e,4.5,4,3.5,5,2.5
136c29e2d7e76b113cce1268119ebc09,5.5,4,6,6.5,2.5
aaabfa6303b351c6063ab668c7c44991,4,4.5,5.5,6.5,4
72d33615624c23b9c53d7ed823f71adc,6,5.5,5,3.5,3
7c2cfb06074b99b835f5f22f781f899e,5,2,1.5,3,4
8b91dc3934e60ba26723de98052d421d,6,3.5,4,6,3
76a9fd680119bf71fc910d611bdded45,6,3.5,3.5,3.5,4.5
dd45f52956363773f1a9933bc80a3753,5.5,4,6,5.5,4
24c89d1f4d190fbefcd2a8ed20b2c756,5,4,4.5,4,4
23f137b9dbacb935c412c23134ea426a,5.5,3.5,4.5,6,4
d369962c73da531c5e4dd308f38f043f,5,3.5,6,2.5,2.5
6d8bec6e4ed68ce0fe0ee7a6d16bc75d,6,4,6.5,5.5,1
1668ea784e1f6c4a36b76a87e6a445ca,4,4.5,3,2.5,3.5
0d51fafd6da7411d50cae9b70488b2e3,6,6.5,5.5,6,3.5
402e4a5a553a02e03701f0a842577a08,5.5,3.5,5.5,5,4
06ba0fec570d39b4c7a41e2c6e34229b,5.5,3.5,6,6,1.5
943f3580ebc4ef11b3b68024730683d7,5.5,5,4,5,2
81c3c538eee076613e773937e15a905b,5,4,6,6.5,4.5
090b476722d8ba7e96ed9042208dc4a4,5.5,4,3,3.5,3
a1a7730e1aeb6a70fbbab512ace3e606,6.5,5,7,6,4
d28b31aa4521ba8f2c8ccb5a360102a4,5.5,3.5,4.5,3.5,5
679f5362b1ae2446ffdfc28cad74acd8,6,2.5,5.5,1.5,2
f629abf84865884ccee23990ab5fdd76,6,4.5,6,2.5,4.5
569db938f9e5e7eff6bde7b7dfe39335,5.5,3.5,3.5,6,2.5
4042caad6fa83ce53087a206386d035c,6,6,5.5,4,2.5
0bbab78d893fd9de32faac2d7a564591,6.5,4,1,2.5,1
1383e696e2f900aacc5340f8a495add5,6.5,5,4,4.5,3
aa436d0cdbfa70baa2ffbdd8cd64d77c,4.5,3.5,4,5,3
ae868c51cd2420daa555d01c8b3e434a,6.5,6,7,7,6.5
ca42ab72276d2a1fe648b0fd2aa3c239,3,6,2.5,4,4
c564f252c8b6d5d46fe54546db0a4c96,6,4,5.5,6,3.5
2a13c8d8f73ef9633503cc3ef4423a20,4.5,6,5.5,5,4.5
794d41b8611a862aa4667eb5a1b8d4f4,6.5,4,7,6,2.5
a7411a48f5d4fb51a8bb360057334dac,4,4,4.5,6,5
f878aa3e9e727762465f14c8e6ac0325,5.5,4,4,3.5,2.5
1410416974b4676766c1270e2c0f7165,5,4,2.5,2.5,3.5
e091e061cac7a58bc55b606e3718763e,7,3,7,4.5,1
796dde613196add25a0a870250da4039,5.5,4,4,7,3
a44ec027de6b34346b72ed825037f742,4,4,4,4.5,3
15ba0b093a9a409d176282ab8847047e,5.5,4,3,5.5,4
8006b299b03d4554f9c8f5a6ba188629,3,2.5,3.5,2,6.5
09af1643579cb720663718be7352ae78,5,3.5,1.5,3.5,1.5
88d915b103ecc0a780529f2fd2ef4c90,6,4.5,4,6.5,5.5
db6cc3971f39cef65a0b76461f2de31c,4,4,3.5,4.5,4
342701859b13f7e9377a20abf214ab23,4.5,5,5.5,5,2.5
e8eac4a518175b9a9331b7831bd23ba3,5.5,4.5,4.5,5,4.5
35762506efeb8254303bf71e817840fe,6.5,2.5,7,4.5,3.5
62096740195ad3d3bd209fb9cab009e8,4.5,4.5,5.5,4,2.5
2111f162ff288b41a55ca4a59e71e252,4.5,4.5,5.5,5.5,3.5
c8d195dc7fb3706c4afa320ea0370884,5.5,4.5,6,5.5,3.5
7c5099a1f9ca585f2a043dd5ef0f91b6,4,3.5,4.5,4,2
dbc7302449c37e9ee4fbf04d7357f7b3,5.5,2.5,3,5.5,2
a5eb6d21ec383afbfe9961123453ddcc,5,4.5,5.5,4.5,2
6d9d06e2287df9bca4f5a2eb897d8ab4,6,6.5,1.5,2.5,4
09d37ed7c6f606d4717e9f4d2697264d,4,5.5,6,4.5,1.5
6acc32427547ed2bdab63c34f20f0228,6,3.5,5,6,1.5
cd08114b641efadee87fd7480dc3285e,4.5,3,2.5,5.5,1
cf8ca4fcc5783cae23738fb531c43fce,6,5,2.5,3.5,5.5
cfcc621cccaa5bf7ed55cf89cbce2227,4.5,4.5,6,3.5,2.5
b2041aea90ebe93017a710adec0f6c61,4,5.5,6,6,2.5
645f180b11c123a84c5de6759b7129ae,4,5,2,2.5,3
f0b66f04fd044d8b0639a44f710782af,4.5,2.5,4,7,3
4f59c732f82abafdb5da253073e3e432,3,2.5,4,5.5,3.5
1ea79fb201395668f5974ec1ed804918,5,6,4.5,6,5
bab1f5af3c243984cbf6ff10202deca1,6,4.5,4,3.5,2
0bfb73736d13a44ada9659d13ab2f1a5,4,3,4,5,1
faac91c355ad7d3db0da22149f12b777,6,4,5,3.5,2.5
431e797a14acca09fabd310be84269a4,6,4,4.5,3,3
a1d082a34b2f4668455ab3ece267cf9e,7,6,6.5,6,5
bbabaddade82aade657681b63523f969,5,5.5,6,4.5,2
1eb9fbe508a1ce1ac458a46a03a9e93b,4.5,3.5,3,5,6
6dca8d2b55c96bb04fcbe16f259fffde,4,4.5,4,6.5,1.5
e219523c918743c10dbabff210943209,6,4.5,5.5,5.5,1
fb53bc67003b02a9efee1af3d51e56b5,5.5,3.5,4,5,3
319df79b933220e454a34615e3aa6d40,3.5,4.5,5,5,3
f6ce380bdf17ac1411ed7b13bee948e3,5,4,5.5,4.5,3.5
b3f37410c5f934084afe82668d7e694a,4,4,4,4,4
aed5aead613b3ec7714ce571f274028b,4,3,3.5,5.5,2
b70eb1f751e14e508eb0c2284a3ef55c,3.5,5,4.5,4,3
0761f3acdf785da2c85f4d64c0f27abc,6,3.5,5,3,6
d7443883fe8c7f36f7c3eaa2403ec820,4,5,4.5,4,2
5c87d15c69aea583f38371d049c7311e,5.5,4,6,4,3
1db7645518549c4400e951b9b330fe96,6.5,2,4,4,1.5
5875cd97b39b062afb9540c87455733e,6,5,6,3,6
179d15517b4f5e2bce6a307021e60ac1,7,4.5,3.5,3.5,3.5
8f56656a9943cc5310f155e6ac7eee6f,7,2.5,6,6,3.5
7ff282055122bf318a5e4b75e2b914c6,4.5,6.5,6,5.5,2.5
d13b73bed3a733307704cf6eaa3c6dff,5.5,5,4,6.5,5
082a5e7953edbfd7f6366e42626e373d,4,2,2.5,5.5,2
1f155858866b7f4a9f2e578c78990abd,4,2.5,6,6.5,2.5
6caea9ebb4df3a90fca5fc8afeb81761,4,4,4.5,3,1
9600462a6d913c56cb1b32a40a4bdbe3,5,5,4,5,6
09669a6ac2911754783900fad7aba260,6,6.5,6.5,7,5.5
6dc8724832fa33482774fe657cabd4d3,5,4,4,5.5,3
e6171b104c0cb6edb4885194ea4dec41,5,7,7,4.5,7
2bcfea9f9f60d3364c655f4024fe0447,6,4,3.5,3.5,5.5
95c3e47a9506961802732677d767cb8a,5.5,5.5,4.5,5,5
f805cf9589d118d8b804df78f0aa67da,5.5,4.5,5,5.5,1.5
c19a94c62cb3b527793b785a90f9cacb,6.5,4.5,4.5,3,4.5
78a44f948b616051b78a96446673284f,4,5.5,5,4.5,2.5
57a8b63ec0b31f086de797677fd927d3,3.5,4.5,6,6.5,2.5
84732c6cd677cadb59bca480e458a91c,4.5,4.5,3.5,4,4
fd261e6cde908907a87a6b8d5754e9fb,5.5,3.5,5.5,4,5.5
1348b0f9ab1e2e6df45de039a0bb8e76,5.5,4,6.5,7,1.5
211eebbaac008418638f5ee4574b837b,6.5,4.5,6.5,5.5,6
afe7678b73293167567c7581f1b3a806,4.5,5.5,2.5,2.5,2
5e2f1d2c10bc29be38f94f3c857d6d39,6.5,3.5,3,3,2.5
8956adab5edbe41b7e130acf3c3b3d9d,5.5,5.5,5,5,3.5
9aac82e04d4398c2a310dbf22d6a08ab,5,6,4,2,3
8f33963e9c924c064e499e5cc86f4b05,3.5,3.5,4,3,5
4fc2c7214577ba92e1a5ef012b31b2f1,5,5.5,6,5.5,2
6f1e7e818b0e55d1e49d6e86eb8308d1,6.5,3.5,4.5,7,5
8f9667ca74a33d1b680838e6e9105f91,2.5,3,3.5,4.5,2
b8f94d2c2cef94be47cf139f616bbd37,6.5,4,6.5,3,5.5
005fe8678214011d7f92e51f9a546d40,5.5,6,2,4.5,1
6d1bdc8e4530149c049564516e0213f7,4.5,3.5,6,5.5,1
cdc60474a84852f28f42441686869c05,7,6,3.5,2,2.5
70fb05884ca321fcb20ce5d2ed9c8548,7,4.5,6,4,5.5
551bf81591ce13f7faead7faefe1b2bd,5.5,2.5,2,2,3
f0ab1bdcd4f15db06c11f084798745fa,4.5,4,6,6,3
9e78d4741b3acd246fb09b1115e06561,5.5,4.5,3.5,5.5,3
7482faca0abc48d05faec82b957da6e1,6,3.5,4,5,2
6f02a9be6e58a1baa76155ed2084dc66,6,4.5,3.5,5.5,3
3c2aae3dbba15c9c3715493538de1a05,6,4.5,5,6.5,2
66c27cdf58cf5480a2700ef8f6afbb4e,5,4.5,3.5,3.5,4.5
0ff83e41ebcddf20568ed8ce622635c1,3.5,4.5,4.5,4,2.5
935b382ff31e766b8cfe87ff8bdb98b6,5.5,3,4.5,2.5,3.5
e67abcb71789c9c06fa7f7926e043401,7,3.5,4.5,5.5,6.5
f9195b36784f7d1df38729ca4de89c5f,6.5,6,5.5,3.5,6.5
a44dec6fbde886cb3e3770314cabb44e,4.5,3.5,5,4,3
cc3eee5cb5b1c7a08a776ffdfb6618c9,4.5,3.5,4,5.5,2
bf4b0889b0d61cadbc581292df218801,5.5,5.5,4,4.5,3
8a9d588a6624143f4c260be29cc73af7,4.5,4.5,5.5,3.5,5
2767dbd39da3dac4d7320944f6307c43,6,3.5,4,2,3
f24448c354e7a5395f37a330fcce696a,5.5,6.5,4,3,4
8e329312be48f793c2f74742d74b6d3c,6,3.5,4.5,4,5
9b3bfd8c40502e7e3d62b7491b8e3da9,6.5,5.5,6,2.5,4.5
1a778dd18274536f415cc4ef5b0397b2,4.5,5,3.5,4.5,6
c61cd33589701c304dfb24c64034ecc3,5.5,6,2.5,3.5,2.5
d873e81254ac67f3d124f34ed2479d71,5.5,5.5,4,5.5,4.5
f9a064d7d016f51768bdc9649a53c7cf,3.5,4,3.5,2.5,4
f44d49d5c7195b2acef61ce3288e3f2c,6,3.5,6.5,3.5,4
3310a5a960e2a810884c21cdb660e3ec,5.5,3.5,4,4.5,3
395b917ef663c3644ff766313e6b463a,5.5,4,5.5,5.5,4
f158307cd549d8fbeaf7db2ecbe23972,4.5,5.5,5.5,3,1.5
9f2a7be7307a257fba74ce8a62630299,3.5,3.5,4,5.5,1
5d8033d1cdb548abe2896620ba256583,4.5,3.5,6.5,4.5,2
97d24647a9aca86835b4c30981d55286,6,3.5,4,4.5,5.5
6f59fd6d777e136f9f02b17c2fa7c3fb,6.5,4.5,6.5,5,4
06f1c77d6deca6ea834c3a93b66372e8,6.5,5,7,6,3
1d6dd34ee62ad00a12a9459b13d89168,4.5,5.5,5.5,4,2.5
a071edfb1680193c797c5a5cba35fc89,5.5,5,3,5.5,2
12366b313f5c0c05762c87284b00346e,6,4.5,3.5,3,4
1a7bd053e616cfb78935b932a9073149,5.5,3.5,2.5,5,3.5
3ae4e1e5581c7405590e65b57fa82021,5.5,3,5.5,4,2.5
32f35fa03a9f52fbfb77b0a3efba7135,6.5,4,3.5,3,4.5
0c2925dcc757ea9650951919442747de,6.5,5,4,7,6
6bfa966187d17f91c06afdd707843ff3,6,3.5,4.5,6,5
9147a35886b370fc9ebaddccd9ed979c,5.5,4.5,1.5,3,5
d2137eb46d43c1acc0f1d475472b3ac8,5,3,5,4,2
041878034fe703d8f461afd053425b6b,6,2.5,3,3,2.5
4864f7b7406b738ab86b3cef47b76a71,4.5,4,5.5,3.5,5
05e1107277837527f3172f4e88d64135,6,5,7,5.5,1
12f8fd389e91e28fb7f9737d647c8847,5,3,3.5,5,5.5
4ee5a9d6a9589117dc9108cd52655b16,5.5,5,6,4.5,5
139627a846a3661db787f0a162ee7d23,7,6.5,6,2.5,5.5
686590db9fcc91b98f66ddf9e69d0dae,5.5,3,5.5,3,6.5
bf338aa3e3506ac30649335d98cdeb4b,4.5,3.5,4,5,1.5
eb230e26ab370fedbdfdf84807793431,5.5,4,6,5,1
a50f30b9863e7151951ef98550cf32f4,5,4.5,6.5,5,4
29b27a33d10dd4b4c6603a71c720462f,4.5,4.5,5.5,4,5
f0d8627aaa32db1d5af320bbed5d3e51,5.5,5,4,5.5,1.5
a116b2ad0e488f3f17ade04416efbbb3,3,4,5,3,4
9a1502c32c669bd41ea20b2635abb742,7,4,5.5,3,1.5
b9550254ceb6a975646d3a6d43017d67,4,5.5,6,4,5.5
e9bf493396773dc267cecda6add66a34,5,3.5,4,5,2
1188cb50a0ac1366eaa7cf14d0f6cc1f,7,6,5.5,4.5,1.5
9516c216d78a315f0c71672a6b501d46,3.5,3.5,6,4,5
fc09f045eb41d0ce35d1d3c0df760095,4.5,4,6,3.5,2.5
ba31eddb78bdfcd24b78ce633a239be7,7,6.5,5.5,4,4
7761d84c675bfbd533a8fc3cc8c21733,5,4.5,5.5,5,3.5
f7c8ab67deafad75ff1ddf7e0b8c74df,5.5,4.5,6.5,6.5,2.5
1cdef448045c62522c83b8e9b3f532d2,7,3.5,3.5,4.5,3
80d4c9553ed91de1b98e06ddc54083dd,6,6.5,6,5.5,2.5
e0b657390c1c60d3cc0565c597874515,4.5,5,4.5,6,5.5
978cefa3e001281442f86d2f910a6dc3,5,5,6.5,7,4.5
4d2ea755417b19402c182fd44de1edd1,4,7,4,4,7
8721a2ca39c7cadb9720d947fa435175,4,6.5,6,4.5,1.5
bcfd5b27acf0960af2f90c9da0ab17e1,4.5,3,5,5,2.5
be2544e5f96947e20204ad18d4f5ca05,7,5.5,2.5,3,6
afd5e47fb62006edfff3e6fd7b719db4,5,5.5,3,4,2
0ee515e8b182d3ba795ecbaaebe20fa0,5,5,5.5,6,5
2fe22a501721ce8ce087120727b12a63,5.5,4,6,5.5,2
a2afe1a8c5447ae2c5b263659d8241a9,5,3.5,3,4.5,5
131ed361ea36c75b4c14dcedfe93036f,5,4,3.5,4,4
74e3a8acaa5112be7311b5082449ec44,4,2.5,5.5,4.5,1
bd812a87b3e7033432a444ea288eb032,3.5,4,5.5,5.5,3.5
f81dd6345d8910b839c2fd7b575cd0e7,7,3,7,6,4.5
8da0624bf90b42c5036563806962fa0f,3.5,4,3,5,4
73d557c4497d7ae07bf7d5884664dc40,4.5,3.5,5.5,4,3
c5cb6abd8a70167a33712aefb46ab587,5.5,4.5,4.5,6,2.5
8ac8c1588001588317a6a07b3da2ee2a,4.5,3.5,3,3.5,2.5
5605a901e89cf28d3a4b907b18ef72d2,4.5,3.5,4.5,2,2.5
f252cc7ef510e0796d11ebbf45f901a4,3.5,5,5,5.5,1
7b12d5e87143bc5e1fa80e4b825ff449,5.5,4.5,5,6.5,1.5
a33279d122c51c85d9ea9a3029221af9,7,6.5,7,5,3
27d66863448a5fb63f090e2eec21c9eb,5.5,3.5,2,4,4.5
dd3e8d259346daf410315c0d46ee525d,6.5,4,6.5,4.5,3.5
6ef5ac1764724bb3f766b13a8313d5a7,6.5,3.5,3.5,4,5
ccc9cf13eb8051e467e13ec74373010e,5,3.5,4.5,3.5,3
24c2278eb7af6f2318a889525dff3780,5,5.5,6,6.5,2
6fe3c808d74b89778218f492d9bf0a27,6,4.5,3.5,3,5
e43e5c026e480ba955b92ffadc683c57,4.5,4,6,5,3.5
824d56f13fcd31995b01bceae782eb07,5.5,5,5,7,4
c8f600f63385cc20cfe37a7e3d8a90e8,6.5,4,6,4.5,5
475986f7eca2886b77691175912b1896,6.5,4.5,5,4,7
4905412c907ec7f2788a6df128f890e0,3.5,5,2.5,5.5,1.5
0350884ea4f3b94bba9bcaf5a5d5d15c,6.5,4.5,6.5,7,5.5
10a32846a7b66af32f10f73318cca6d5,4.5,4.5,6.5,6,5
e59378f1c51e2507950fd7d6d024dbbc,6,5.5,6,6,3
c2931e6eb8978dc1780fc451dc7f6904,3,5,4.5,4,1.5
9ec86d4c4a3d7d61426fca2e5c82f243,6,4.5,6.5,6.5,6
f97c9953b9ebf162125efab44ddbdfdf,7,3,1,4.5,5.5
c752e0c7ebe7c5f5b877057770adf6f6,4,4,4,4,3.5
4305fd107ddd95062da14d54a68ad9c4,7,6,3,3,2
a373d914bd447d3b3882c900d197a26b,4,5,5,5,3
360f1428fc5629aeb23891226d908e91,5,4.5,4.5,3,5.5
e0016afc42709b4c3ce12d8d8593fc42,6,3.5,2,6,5.5
6857fb52c038c9e745e9887a4dca9a88,7,6.5,3.5,4,3
87a94f89c6ad052626e8208ab7fc54fa,5,4,5.5,4,2.5
5b215efe78bd7d0f88ecc29168b463c0,5,4,5.5,4,6.5
49b71078750c64159b8a9d8dee15b145,5,4,4,3.5,2
0cb016be9ecf5adfc15dd1c715bc24d7,2.5,3.5,4.5,4,4.5
7b7a73c4331cac5d91702c336ecd3055,5,3,2.5,3.5,4
bb1732c724b020ceb20baa52fe5efbc8,6,6.5,6,6,5
f6c137845386d22e2bc13e39e86f2420,6,4,6,1,4.5
a457040dc4c718d96460729e6cfda65b,6,3,5.5,6.5,4.5
5bbeb131aad94e9b60c198e1fad32a03,6,4,2,3,4.5
a9b5ea0fb2ea29e736fc24802e9b8fc6,7,4.5,3,3.5,6
098b65d9e2f1ec5e5d486487e8c35a10,6.5,5,6,7,7
d9d40d9d55169850bb09be79c56cf7cc,6.5,3.5,7,7,3
c3417a429bff71fd12142543cd868205,5.5,2.5,5,6.5,4.5
dd281b2158255197af3d30c8994ab3e7,5,4,5,5.5,4.5
41f033f3f8412970b76e9f0ed4750d0e,4.5,5,4,4.5,4.5
63ce5a1d7b323d0b4605a6259f625510,5.5,2.5,3.5,4,4
638538842b25348ed08d76e24223311e,3.5,4.5,6,5.5,1
6800289a8389e09f2a18ac5b55fdb36e,6.5,5,5.5,6,5.5
dd29348037a82d27ed31a70d13fe3adb,4,2,3,4.5,2
cc007e56202131cdde68ed822c19d8e9,3.5,3.5,4,6,2
6ca78a4444c2812e082fbcaa10a56a04,7,4,3.5,3,5
6a685220647fb4963928e5e9c06c0ab3,7,3.5,2.5,5,3
0a2710ab8f5c296ad7768a6c465acf2f,5.5,4,3,2.5,3
7f26bde93a64160afc066dfa25706e30,3.5,5,5.5,2.5,3
6fdeb4da10d725823dbb265e571526f3,5.5,6.5,6,6.5,4.5
b693dad88a44928f5f757a684137898e,6,5.5,7,5.5,5
2d5610e94b8f5fcf506d8207caa5bbe6,5.5,5,2.5,6.5,5.5
74cc090046d00f2c393116371787a37a,5,4.5,3.5,5.5,5
16e241b3eee2adc729952f994622e20d,6.5,7,4.5,7,6
90f8d082483def760a296ba1fc1cb79f,4.5,5.5,4,3.5,2.5
51be2ac9f41a014dd996ea3ed6056836,5.5,5.5,3,4,6.5
735ff2ffede2d2fed02a0c4212d35acb,6.5,6,4.5,4.5,3.5
973e324cd69effcc68c057b25545741b,6,4,4,6,4.5
f17a246ce920c72bd981df61cefcbf00,7,5.5,3.5,7,7
feb85d3dbf8878d745c16a431bf6396e,4.5,4,6,7,3.5
7f8f3ab20ff8e7a11ec85b9ef100941e,6.5,5,6,6.5,5
c79ac82e3a5c28cca64891a0aa091636,6,4,3,5.5,5.5
bb2e6d131e0ac11d0a6ef9bb9ff9578d,4.5,4,5,4,4
5d6097516ad7a1b89547180e8ffa3cc0,3.5,3.5,3.5,7,4.5
aeebcdd802b1116a6d74b014211f9ff8,4.5,2.5,4,3.5,3
1c1286bced458836d6c082753a70facc,6,4,1.5,6,4
d12803fe252733fa368b04a5ba1da3cc,5.5,6.5,5.5,3.5,2.5
c970693b1f9d7f605e33b008427d3a2e,5.5,4.5,4.5,5.5,2.5
5f41bed95315db615b4e62548d5251ec,4.5,3.5,5,5,4
13c4e10a9e5409b8a7fda839c89dbbb9,4.5,3.5,7,6,2
234415a6e2186cdae3f4f90a22f5d62c,6.5,2.5,4,5,2
9c7d187c4633d8a0f006c84b5b9ecb5d,7,4.5,6,7,6
8e8dcd06b50c084edab76440d125cfc9,6.5,4,3.5,3,1.5
3d13b4f4f99173d841d81e567663fb4c,5.5,2.5,4,4,2.5
2dfc532ac4f0aa7bbeef9cdcd08d9d01,5,5.5,3.5,5,1.5
5d26c442c9dcde383783b1249595f808,7,4,3.5,3,3
f88e469be7bbeb454e255674d52b5941,5,4,4,5,4
871fa3edc96d4d15fe53f769a8bbc3c6,7,2.5,4.5,5,3.5
b9a930cf08372e6989e81c66bd5be4c4,6,3.5,7,5.5,5.5
81071218abff2412476d31df9fd8986e,4,3.5,2.5,4,1
13bf28bb2c453a3c891287470bbbafe3,5.5,3.5,3.5,3,2.5
7fa4c483675abec2fea07b5535ae80f2,4,4,3.5,3.5,2.5
a35765de36ad1d0a8dcb34c7ef74d834,6,4.5,4,5.5,3.5
73001138cc8fabcd0f9f48d302fd3a12,6.5,4,7,4,3
1971919bf4aca46c6ec07c2f31f20c1a,5,3,3.5,4.5,5.5
9ebc74d4c54c803c4b4ae830dc49d995,4.5,3,4.5,4.5,2
afc63c360bbe1c520daecac8f2d00df1,4,4,4,5.5,2.5
3e4ae56477626ce230f9c40497d02052,2.5,5.5,6.5,4,3.5
752efd673f3c1605e97a9068d4573e34,5,3.5,5,4.5,5.5
2b6f4bb9f6fd6540bfbc6b8ee7805f7d,5.5,4.5,4,5.5,4
0d064a3e6ff31709545ff19db9b80325,7,3,7,5,2.5
39dbe43b28893aee30ad26cb77dfa95c,6,5,4.5,3.5,4
3d2d0f634a5eca0facb9d1431d8c1543,5.5,3.5,3.5,5.5,5
7ddf61a73ba57c20e15e69061ded1d8f,5.5,4,4.5,1.5,3.5
91618a604a2e963fccaa50c6b2647be6,5,3.5,4.5,5.5,2
ddfe38fd826e2479eb304ce273532791,5.5,4,4,4,3
72eba75ba212f8be6beccbdf63291c42,4,2.5,6,5,2
75a54727bffcbbb561da9d3eb604f28e,5.5,4,3.5,4,5
f02cf4ae90d54046a8cdbb827aa5d224,6.5,3.5,6.5,6.5,5
3f6716ca8a73f4f6adce183c75dff421,6,3.5,7,4,4
0354ca225ef99f94a04587eb3fd4e2ed,6,3,3.5,6,3
b70e34923c21e3554bc08453a3819997,4,3,5.5,3.5,2.5
ce9ab846f581ca390ec54e14828610ec,5.5,4,4,4.5,2
26d6b29c5805b756dedf3e5092b4657c,6,5.5,7,6.5,2.5
f014af67a1fe795a1f7c8d5362cca588,5.5,3.5,3.5,5.5,3.5
ebaa2c19e9277bf0ea11f7e514632284,4.5,3,5.5,4,1.5
cac8bdb5c2835a1aeaf9cec69f280a7c,6,4.5,5,5,3.5
b2240e090cfc613313837f0d0fafb1bd,5.5,5.5,2,5.5,4
916de18db1f831534309a81863c53ba4,5.5,5.5,7,4.5,1
61629488d492042f593772c3670dacf7,2,5,3.5,7,1
d92e9cc5051723ab2bcff699ac5f14e6,4,3.5,4,6,2
02b65cddb18d3fefd3a6295768004f56,4,6,2.5,5.5,2
cec560b0bce4194769361a6dc5695c0d,5.5,5.5,7,5,4.5
54b240e846e777a11d4331bb6517507d,3,3,3,5,2
328c2ab83ac272310bcb30ef59a6a045,6.5,5,5.5,5,4
25314c2d41b805ee95da48e9061236d3,7,4.5,5,6.5,5
a15fb89962d1ffaca4e59e3ecd3a571f,5.5,5,7,5.5,3.5
62eebf59bf8c45fdd8eb8562b008da1b,4.5,4,5,3.5,2
fe0b9ad4b253b40df41029d525f3b9f1,7,4.5,4.5,5.5,2.5
e7cee6d0db15ce5cf52189c0053a93e8,5,2.5,1.5,5,5
f2330e45ff5d0ba626fa1404831975b6,5,5.5,5,5,3.5
74426e1cf7f4411a0f16edd7a95929e3,6,4,4,2.5,2
e19deafc191fbda7a93c0f2edfd32fb6,5.5,2.5,7,4,5.5
20a7bcec0616a20d44e83532fe37a6d2,6.5,5.5,6,5.5,3.5
a481d27a60b7ec08d3840f75a54c6697,6,3.5,5.5,5,3
b8c2b5b0667fe5b5ecbe8c37dc22b338,6.5,6,4,4.5,2.5
f6358e97bd8e7b971482513d652609dc,7,5,4,4.5,6
654ac871227a009efb12ebcf290d3c12,4.5,4.5,5,3,4.5
aec3748497db9321ae7a26ce3479e026,5.5,2,4.5,7,2
9d58688027480240ae0047a6b0048838,7,6,7,4.5,5
82539e44ce6d2d370c731affd7c96287,4.5,4,4.5,4.5,4
f2bb07ee54b82f34f3f9f301115ffdf4,5.5,2.5,6,1.5,5
6a44e28c031ba1973e72128115d366a1,5,4,5.5,6.5,4.5
bf890d150918b84edb187116a8dcf447,4.5,3.5,4.5,4,4.5
9f68df39ffc49af223d13cfc11572338,5.5,5.5,6,5.5,2
ba6622414cd86ced4ae40451c1c2bacf,6,2,3.5,6,2.5
11bbd379219bf4746186627dfb4a6ab1,4.5,4.5,2,5,2.5
e94e5b12366081b7bf9b371f9b94ebb7,4.5,4.5,4.5,3.5,3.5
a4210d69706732fd665e475a923c5222,6.5,5.5,7,5.5,3
a75696f96d8d419872f52465e12f1ca8,6,3.5,1.5,4.5,6
901a7e1fb2504b818124b24771d4c126,2.5,2.5,5,4.5,4.5
4c81f477718976815259e78430813d23,4,4.5,4.5,6.5,1.5
a926a205e7fe6500b149dbcefb929bc6,6.5,4.5,5.5,6,2.5
2f0f2a1e990f72fea9a73df8e227ff07,6,3,4,2.5,4
54f4628eb1a5db6fa1bfaee4b0c03e96,5.5,4,5,5.5,2.5
07fca3a4e62bd91d8a27ee3ad3744044,6,5,5.5,6.5,3.5
de0b088b5af4525d39cb9136887f95d9,4.5,4,6,4,3
fc0c2102480e72b1f4bb5f651b2385f2,4.5,4.5,5.5,4,1
4cf755cd3340dcd268c7b225e5271e9c,5,2,3.5,4,1.5
4de97fd7fc4d4de741cb4f4c5e4ddff2,5.5,4,6.5,6,5.5
bdce55e7b1af6180c52f909db8ecf401,5,5,5,4.5,2.5
b971ab93ce0e09d7477058f0480c3d24,5.5,2,6,6,2
712dc67c9ca4635f3e77038f6a936691,5,1,3.5,3.5,3.5
90b48af4ca1b43f66d9f8db28853d62f,5,4,6.5,5.5,1.5
a9f802ec45b1956307f180e4adee43ec,6,4.5,3.5,2.5,6
d337ada608f27aaf86107a5113b80da2,5,4,7,5.5,2.5
522db5b4462924326d7a2c88d2885a47,6,4,4.5,4.5,6
7b6440fc5b34801be1b47f2a64bb7c45,5.5,3.5,2,5,2.5
4fe8830c50718dfeeadf86cdb7faa69a,6.5,4.5,4.5,4,4.5
25b91ccb04acf0cc51334741955ca887,5.5,5,3,4.5,3
451c4d4215fc85f86f91bddd5698f91f,6.5,5.5,6,6,3.5
290c3c28c88ee1055efd26e366cb4264,6,3.5,6,5,3
54a57fd478a585cbc82eeaf56d61a23b,7,4,7,6,7
ba2556d5acfa8e942d6d9daff1d3cdf4,6,4,3,6,6
52b23c1dc781e98dcb3265e974ba9e05,5.5,4.5,4.5,4.5,3.5
94ce6ef7789cbcd1dab733ce01c4833f,5,3.5,3.5,4,4
e260d1513f6068a21ccde07599738db0,6,7,4.5,6,6
b3e3e17c4942a528fa74bf0ef4928eb8,5.5,3.5,5,4.5,5.5
c8ec05f9de252c5e308a8449ba674d25,6,6.5,7,5,3
e7e7127a46b6d41cc731d173e31b5752,5.5,4.5,4,5.5,5.5
12f0fe1f25f4d80a23695949014e8954,7,4.5,6.5,7,1
d3a708ca6f5276e6142560420999b5d8,5.5,6,2.5,3,3
bc9d108419ac2600fbafc46272ce1f2a,5,4.5,6.5,5,5
437656adfa98cec53ea735315ed3063f,7,1.5,6,3.5,4.5
be855df6805c42f788b56e5878294a5d,4,6.5,5,6.5,2
7fbde40dafeec52c95d133f7d9797b0b,5.5,7,5.5,6,2.5
9d2edc56b4025427f498df095c016bf0,5.5,2.5,5.5,6.5,4.5
612778b64850364f9f3f6a8229ff6eca,5.5,2.5,5,6,3
fccf6590472f367e99370f7e39bf1e71,5.5,3,5.5,5.5,2
cc2c8866fd33e1136a6fe3c7f183bfbd,5.5,4,4,6,4.5
d1dd7fb9353fb9085e7b0ba0431dec36,2.5,2,5.5,5.5,1
a6f0eef498240fc633c90052eaabb845,6,5,5.5,5,4
8803fc218524ef17940b9261610e867f,4.5,3,4.5,6,4.5
c9bc34ab9c6b3b38ed83b8dbb6d96b19,6,4.5,3.5,6,6
6cd6b8b2301ecf5a4245e6c862e89f4e,4,3,3.5,2.5,2
341c509e658c6b21233a7eeaa74e62a8,4.5,5.5,5.5,5,3.5
da20cbe56b055831cb85b3266359f119,6.5,6,6,4,4
ddbf042197946fa577dd219d36f1d22f,7,4,4,7,4
9f50b7ac799ab771293044d5f5f27739,5.5,4,3.5,5.5,4
e13af3fffe5dee59f6233806ad5e323f,4,6,5,5,3
790aa153c3125b598592f96b28574a97,6,2.5,3.5,1.5,2
7572118c43c3bf5a91ec7c1fb7dfbd64,5.5,4,4.5,5,2.5
3cd0d08a87e4f5daa097325f92146ead,4,2.5,2.5,3,2.5
7fdbd7e1fe4c45551879df703c49d529,7,3,4,6,3.5
56b3781de251f66109ef7f973632f870,3.5,4.5,3.5,3.5,4
4404f0dcbaa48eb84d53abf85a6534d7,6,5,1.5,2,4.5
cc0a97860b4b4615481eade991124c04,6,5.5,5.5,6,5
124b76ea7eb5f12426f031f4bf26213f,6.5,4.5,5,5,4
57ca05573d768e0b86c4ed906485ab11,5.5,3,3.5,5,2.5
473665c47abe7cf9547965e88fc493e7,5.5,5.5,3.5,3,3
8fbaa7520b0fdd7033aede2156a87ac2,5.5,4.5,4,4.5,2.5
e51bb47c575f97cd6e0dcd2714bc40d2,5,4.5,5.5,5.5,4
58f308c4c169a209545332410157f3de,4.5,4,5,4,2.5
ea4734eb95ee46f675d5768919930cc2,6,4.5,3,5.5,4
840386f9246e516d00532b408823a9f9,6,4,6,7,5.5
93877243a753b9448d522d016dac6a00,5,3.5,6,6.5,4
1d40e4fb3c8242cc462ac09ebae4d3ed,3,2,4.5,5.5,1.5
323dfe328f333f9a936f795317505492,7,3,2.5,6.5,3
c52fb07e0418dd2e86b91262ddc4d5e0,6,4.5,5.5,5,6
2a0994b059f90d3da093e30a52425c2e,6,6.5,5.5,4,6.5
cc542d14d81096bc9202771a5fd476ba,4.5,3.5,5,4,2.5
16e3284c088279d184ae3d3b1c90d547,2.5,6,6.5,6.5,3
5d1ba4e5b65ca9e9f5667139785dea54,5,4,4.5,6,1.5
e928c7c74d3bc37713af553d49c8dd4e,6.5,4,5,4,3.5
e2e678a2f28d79d56a30234664ab7470,2.5,6,6.5,6.5,1
64850d474fa7c8d3256286806122357a,6,5,4.5,4,2
e6acd2b471521e86ab2e8a740b42696e,4,3,2.5,4.5,2.5
edf3cb1c9dd61b6ea6b9b7573cfb072b,5.5,5.5,6,6,2
fd74b92fb6dbea16a0910160a15fc656,6,7,6.5,7,5
179274d4f5b9275e290f059fc1dbd0d8,7,4,6,6,3
34aae840d9ec0a93d9b636d597dcefef,6.5,5,5,4,3.5
c7b1de046b9638de896f64adc484c647,4.5,6,6.5,5,4
ef620945e76dc4be2b3dc8cc896e93af,5,3.5,6.5,7,2.5
abfe7b92d8baa66db88a188133f7aa55,6.5,4.5,1.5,2.5,4.5
b06b24ebb260c90872c2e1964b9e6c6b,6.5,5.5,4,6,4
fc3e3e39a10fe337c5f0e8b982aa9493,7,4,5,6.5,3.5
91d51748b418c1fc87792716f19a900f,6.5,4,3,3,3
fe563568306afb1277a4faedbf53a3c5,3.5,3.5,5,3,2
88f3b47a49ba404151bb30ef6f4aae09,4.5,6.5,4,6,3
00fa91e202f5e48aa34c05d97867fa74,6.5,3.5,3,5,5
6ccd8023ca32283eec091cfa77e036af,5.5,3.5,4,4.5,3.5
e6c8e0e085aff915b4f23e3e9b56a6ee,7,2.5,4,6.5,3
442b140dfa01027782abd1b90c010eaf,4,6,7,4.5,1
781da2824c379ab4f4a105299de12cf1,5.5,1.5,3.5,1,1
5adf561059d86e52f7fd9d01d77d61e8,6,3.5,5,6,5
7cfe973cfd3353ecacc3ec1e53a1c5ea,4.5,3,5,3,2
ce044e60f703e4789957e94a1119407e,5.5,3,5.5,4,4.5
9290682f681ea0a77b056a904970d3e0,2,3,4,6,1.5
1c17226f9644cac9f9a125cb6427773a,5.5,6.5,6.5,6,4.5
5e5edbe144164fed5b8670f1708adc73,6,4,2.5,5,2.5
824a2867b48467d025906445b556276f,5,4.5,5.5,5,6
3faa088936bada91b9328d7df96b224c,4.5,3,4,5,4
9508e33efe2f3b9bb4709c4998fc38b4,5,4.5,3,5.5,1
3b526bdf648c87105b4171f7ee1c1f0b,4,4,4,4,4
c6c3ff402d1a4290a155a1bf987802df,4,6,6.5,3,1
1a39a2e5908c5960083975b25063cbac,6,4,4,5.5,3.5
505c36b356580603160187fd74e95ccb,4.5,1.5,7,7,1
830f7404850f7e28ec2ce2fd10a4bd76,3,4,1,4.5,5
2cc76d37bb0c69aea5c0429fc2148b57,5,5,6,5.5,4
5de53e211da9a55194f63cc252a72c29,4,3.5,4.5,6,1
b28da6efb0b0714622517ee4f19c61b0,5.5,3.5,2.5,5.5,2
c7195da36e6b78fa2d6de644f04648fd,6,4.5,5.5,3.5,2
54387b5f36dbf14de7093ff59b2db13c,5,5,4.5,5,5
0dac6bee9ca4779135e3ff88c45c73e5,4,4.5,4,5.5,4.5
dda12d420187937de1e6769080e777c7,5.5,4.5,6,6,4.5
37f3715201befb6806e037aecbc5d0db,6,4.5,3,3.5,4.5
9934ceac6d1307ce925bb71575a0f578,4.5,4.5,6,5.5,1
7646c9beab10bbae207c543e590d73eb,7,6,6,4.5,5
22be10745145c174c977c11cdcdb13d8,5,3.5,2,2.5,2
09c249d552a0a3fabd1ada6a8e4a235e,2,3.5,5,5,2
3e7cd07b3124eda5113b8de1acb0857d,4.5,4,3.5,4,3
75a54727bffcbbb561da9d3eb604f28e,5.5,4,3.5,4,5
7a2697a19a5c1523dd90223b374ffd03,4.5,4,4,5,4
6c5d124eddd0219b81c8ac758464e25b,5,4.5,3,3,3
49410c432fb3c71b598f002d88467ac7,4.5,3.5,3,4.5,3.5
76f68219069bfbb18f29d508d394f8a4,5,5,3.5,6,2.5
b907feed50762a0a68d150a4a5a876fb,6,4.5,5,4.5,5
8b595f18e622a12adb4c90ead5308b52,5,3.5,4,5.5,1
8970bb460141c5bae4e921d84c4c6a1b,4,4.5,2.5,6,2.5
0160f8c5607073505cb7be7157136a1b,5,3,5.5,4.5,4.5
f82b3cff935c60961b91b11398ccf11f,6,4,5.5,4,4.5
2e5e394fabcf87b202187c5b8c404cd5,4,4,5.5,3.5,2.5
6c34fc2f3eddc09ac522bb10bfc1490c,5.5,4,4.5,4,3
82a5abf473c07ceba623eac2950cf4fd,5,4.5,4.5,4.5,5
7d3db4ee0ff68aee6b927acb6b164e1c,5,3.5,5.5,5,4
18f736a7b33dcf28f7b88a0975b24fc6,5,5.5,3.5,3,5
0cbb4f9abfc468b25c20e6a9abd586c0,5.5,3.5,1.5,1.5,2.5
952945bc5d7ce9d0c932803ca4e5155c,5,4,4,4.5,4.5
2e6aa1786bdd839b958a41e819587d10,6,3.5,7,2.5,4
468ae829a9ae4af452b4f640aa309d54,4.5,6,2,1.5,5
4ad5ce091d6536b31c900d1c1a67bb44,5,4,3.5,3,4.5
a3aebc894c33682195db65bb5ebe6de9,6.5,6.5,4,4.5,1
17f1456176de4660eac94fe881b2c8f9,5,3.5,5.5,3.5,3
c3bf53778ff0dc9cb11f351a0e3957bf,5.5,3,4,4.5,4.5
bd40e4bd7c3fd394cfe926660335b391,4.5,5,4.5,5.5,4
4961201988717d488bf4999d6b0063cc,6,4.5,2.5,2.5,4.5
c69ca4fa0e903f97850bb81537c7a8cb,5.5,5.5,3,3.5,6
a3d6de83682cba1cce05d2573e3e4faa,4,4,3.5,4,4.5
7360e5758529f8ddfc3108720bab4492,7,4,3.5,3.5,6.5
a57a8a1178b3e2f02bbc4b8a26504d78,5,3.5,3.5,3,6
65b7c109bd0dd14d01f4b3593c42db03,7,3,6,3.5,2.5
4dfc681ee71ee7021efca4ad7527ccfb,4,6.5,3,2.5,1
33d29f1cb1f0f1eed32b8a5bb4c58f58,4.5,3,4.5,5,1
ec1f0d96ed283e369c84a5bc7f4cc0c6,6,4,3.5,3.5,4.5
ddd4f86cd0f978e85155cfa6c9f94e0c,7,7,1.5,2.5,6
5bfd4da7261b30c66f52535e6b715001,5.5,5.5,5.5,5.5,5
c2af999c5400fa5d6f75a70ec2ce7a6d,5,3.5,4,5,3
337bac357517bc3608e10ec1b481d94d,4,5,4,7,2
eb5d6596dec3ea9c7a0c8f4150f0d7ca,5.5,3,4.5,5,1.5
b0d4e298ddde788a50a41d7ca1b03f61,6.5,6.5,3.5,5.5,1.5
8d3892028ce5fc8ceafd99af4ee87424,5,4.5,2.5,4.5,2.5
f83d6c4c7733f8fb6ffa982bfb7ec494,5.5,4.5,6,5.5,4.5
59152f2397f7a8586684359fa987924a,5,3,5,2,2
c8e7cc901691e1af1acca7bd18008748,6,6.5,4.5,6,1.5
8e6ac4f844aceec0f72a5f806d596ef4,5,4,5.5,7,1.5
a212e4171f5f98e0de4b22432652b5db,6.5,4,6,5,4
8c21bc953eda8142be227e9d0cc13b25,6.5,4,6.5,4,1
093fa6f0e8ec960bf3ca9c35ba7f02a4,6.5,3,4.5,4,4.5
1e0f46574ba3b74c9b10b1cfde998eb6,5,4.5,6.5,5,1
d0d3965c9b645c0aaa45778a76526376,4.5,5.5,4.5,5,4.5
afbc62ea4dfb916d77a05aa48c067df5,4.5,4,4,2.5,2
53fa9c273cb0cbea4e4082857ba62bae,6,2,4.5,5.5,2.5
59024d1c6af2dcab23a81a3a3f8a13ff,4,4,2,6,5.5
891ff99a80aa51ea7d525ec06d9bb0fb,5,4,5.5,4.5,4.5
b146ac7210ec0a4f811452907eb4f252,5,6,4.5,5.5,3
c4d886abab957246da1efa51ff1fcd7d,6,4,3.5,2,5
022bd2b0584bbf5e4c2d85ed60b3fa16,5.5,4,5,3.5,4
0917f14e9f9215c628dde32e653bfa21,5.5,2.5,5,2.5,4.5
a0281787a96d5d7f03a7c7330cb67af6,7,6.5,6,4,6
a1f91d9d2b7b9b6a721b155b202360f5,5.5,6,4,4.5,5
63c764b40b303efb2e178105df45aa07,6,4.5,4,5.5,2.5
aacbd7acf4e876c3752ea5f00d2d696c,5,6,6,6,4.5
b9bfbe1d5cdb0990a6ab685ff5ecb6b7,3.5,6.5,7,5.5,1.5
8da9edc6526923ab0b2145f3c1a77afb,3.5,4,5,5,3
f838d1d132a5028c86ea7b6466d27245,3.5,4,6,5,1.5
7ecafea7df42ae286dd2f8ae7c03e11e,5,2.5,4.5,5,2
1b938e470be180067ffe243ff6d4444c,7,4.5,3.5,2,6
b6bf9e843777fc00048785d5babce87e,4,3.5,4.5,5,3.5
c71e29336f8f830afe3e7d8f71948456,4,4,4,4,3
26bf016aead3482fc145b5e2a5617ccc,4.5,6.5,5.5,4.5,1.5
6f95f50087b897bbd187d6ec85134203,6.5,4,4.5,3.5,1.5
4cbbc1e9c34181307b0897224c4a4cb7,5.5,2.5,3.5,4.5,2
26a31aa56d3ea83b8afb08dfec49b0b3,6.5,6,4,4,4.5
48c8ef341364854c2728e7105b494193,6,3.5,6.5,6.5,5
9c5b80796c75f9f0b06a81955f8f5e44,6.5,4.5,3,5.5,2.5
3cd0ce2ce253d0f561af971c7d589c67,3.5,4,2.5,3,5
187a6ad4e0378999425a6ba5663acacb,6,5.5,5,7,2
5251c36a5e4898da28a44a17b065a6b6,4.5,2.5,4.5,2.5,2
bc73054908f7463eab72e7badd93b731,3.5,4.5,5.5,2.5,3
2c72df91a539f8e0fc2752c49b01c207,5,4,5.5,4,4
648ef6c1e103aa153fa75d548fa03ad9,5.5,6.5,6,5.5,2
d8e59db65c4c2f7bfea129d1c2d51b27,5.5,2,3.5,3.5,1
0d5fafa4b63b00e93102c2caffb735a6,2.5,5.5,5,6,3.5
9fabc3542b20dea36456876b0479646c,1,4,4,7,1
387b2fe9ea4e275eb0f061ef18d8cdd5,7,5.5,2.5,4.5,1.5
4875dc91590a58beff272ae7132b6ce4,6,4,6,5.5,2
5d2fe5897dab4591b33f7b4ac8a1e88b,4.5,5,2.5,3,3
c8b6a7879731a1c4508d5edb581544d9,5,4,3,3,6.5
b87e580de57065bc96fa53b7b182f5d5,5.5,2,3.5,3,4.5
1e4c3df3f3db6c1cdfb8716b1c241fee,5.5,4,3,3,5.5
311400edc75d56330b2c1d89aeac099c,4.5,5.5,2,4,5
251eca7a69cd49ea829394e235cfad1e,5,6,5,3,1.5
a84802367300a64230f82d01407fc965,6,6,6,6,2.5
b5a3bfc11dc90c5f5ba71d0355fc7da2,6.5,2.5,3.5,2,3.5
7153f08d2dba7a8619c0226c5c3c8904,6,3,6.5,6.5,1
e22344d1e89080f681f809c1b4e1a5be,5,4.5,6,3,4.5
479d120f05835f8b4b123b7144ff6601,5.5,5.5,5,6.5,4
2d32b323bb441af9f87ee6d4ac8345ec,4.5,4.5,5,5.5,3
5da519f686326756c37f78bfcf82ec90,6.5,4,4.5,6,3.5
0919dc7fd5add84e2c25dd10afc9163b,6,4.5,3,6,6
ef4540578656b9a1acf9fc13ae5d8011,5.5,4,4.5,7,2.5
3db7d411003e2c27d64616a9615a4a00,6.5,4.5,4,6.5,4
e3306aac8727cef3e7e7ab78c202cc0b,3,2,4.5,3,2.5
973c344c1f17146c1b3419de09233432,6,4.5,3.5,2.5,4.5
2f33ef3195b8e26776bbc39f8f08c553,5.5,4.5,4,5,4
acfc9b68eacb4fd4bee58941bd0eb9ac,6.5,5.5,4,4.5,2
b0e4f1fa6808bc72886d13576b20d09c,5,5.5,4,5,2
34977ac2a1234df421b3c8622f9956fd,5,4,2.5,4,3
d2a16a131dfb876af223faaa83868021,6,5,5,4,3.5
89df96f4a4229eef53c1775438665fc2,6,3.5,4.5,4,6
6cb1897a2a04a64e71e3c94f72622f16,6.5,1.5,4,3.5,4
430f9aae513adf0ed5e9cc7a85f1f723,6.5,5,5,2,3.5
2149621bd4ab5af7fbd4f9e7c492247a,6.5,3,2.5,7,4
368b3ba047fd0dbb04449608adf95b8b,4.5,4.5,5,5.5,2
aa5d20511993378fdfff50ab9b8f1422,6,4.5,5.5,5.5,2.5
ffff31b8d1dd1486a7fe6914761aa655,5,3,5,4.5,3.5
ebdd4ab3bd474b6bcae4924ea6cad4f7,6,4,1.5,6,5
668b685a92badd50119c373d48f4453c,5.5,3,3.5,5,3
03117241a2a42f1d60540d5d5fca8b75,5.5,4,4.5,4,4
e9ac4286e480be4064bdef9726b7ebf4,6,3.5,5,4,4
f3113ebe8e2d67e4b248065b282306bb,6,5.5,7,4,5
e968bc3b6840025193e5e04181497b8f,6.5,3.5,4.5,4,1
d1839b9d03199bef00c57fcafb15016b,5.5,4,4,5,1.5
5730fc808ef0f350a4c439dda9b4ed03,5,3.5,5.5,6,2.5
0a1afd5fca0b818d327fbbf4892d12fc,4.5,3.5,6,5.5,3
c78731d0a6635ed6ac1db6a0e9530f2c,5.5,2.5,3.5,7,1.5
54ed05ae278e7b51a9b938dc416db9d0,4.5,5.5,4.5,1.5,4.5
f6601a477f3928de27cc073f80ecd170,6,1.5,2.5,5.5,2.5
9545134eae10827caacad8f4ea4c4ea1,7,4,5,7,2.5
a3b64300c36aadb8b08c5ca69102d24a,6.5,6.5,4.5,2.5,3.5
c1318035a54b6f8388bbc351b28a16e0,4.5,3.5,5,4,1.5
f7840372da5ad42b5a4b2ce7cc30e3de,3.5,3.5,4,6,4
747517b50f5e43a8e0caa57601600428,7,4.5,4,3.5,2
3bb9c80158e9edf17e5cffacefa7766f,4.5,3,4.5,4,4.5
d0eb0665d953c3b088e7bef2c2f492fd,7,4.5,6,4.5,2.5
67eaab4c3e5cf2451f02e9d5c8ec8e32,5,5,4,5.5,3
ba79474a87701d07ff36c3ad4cec98d7,4.5,5,5,4,1.5
935ab0abd9dac63a938653c75a5a14f2,4.5,3,5.5,6.5,4
a9541bbdabe5973d82f47a801e445185,5,3.5,4.5,5,4
04ddc9784920e4944f6d2274d71018a7,4,4,4,4,4
a9193e1ff21abac55ed78b404789c628,7,6,6.5,7,5
924c6097a2fd65edb7290cb076cb9713,6.5,4.5,2.5,4,2.5
268de11ad039ad15bc8739c2663b90c7,5.5,4.5,5,5.5,4
64794330963f56d479393e325808504a,2.5,5,2.5,6.5,2
d5ccdbbe80bec680efebc72c2ed2c922,6.5,3.5,6,6,6.5
ef07cdde43a7180a3b3018a5c0eab542,7,4,1,2.5,7
ea218ab5b462f6cab1152810ad0571b4,7,5.5,6,6.5,3
3c088d8cf05127a5cf9007f6fed93ced,4.5,4.5,5.5,3.5,2.5
261e43f305e15890fb05e08ec858746f,5,4.5,3.5,3.5,2
e7d0e93b0d8d8cae6d4e96b75708e910,6,6,7,5.5,6
6f99629d420e4c074fc6acf1b8aa8ac9,4,4,5,3.5,3.5
e6a7d7514cb437eda7e3c155d12662c4,5.5,5,4.5,5,3.5
ca42445099963639613922aa4577dbcc,4.5,3.5,5.5,6.5,2
b9cfb4042e4df94a5a26c33169ba69a4,4.5,3.5,4.5,4,1.5
36fb8f1f6836cfe8aae2df6211703096,3,3,5,2.5,2
b209fd1ad74aedc976a4dc9ae9f8a816,6.5,5,7,7,3
0bc016ffff15a571df8b1bb88fa75df9,5,4,2.5,3,1.5
6b809c3dcb0a581f61e3b3bab09edbad,3.5,3.5,2.5,6.5,1.5
c1dda1ca24e98b7e785a01cd43992357,4.5,2.5,1,5,5
62ef002364bfd86baf538ec2e4310b45,6,4.5,2.5,5,1.5
fefc161ac0b429fdbf6b56cc04dd4aa6,3.5,4,5,6.5,4.5
351747b75c0ae83bf5ca72a3293abb25,4.5,5.5,6,5,3
afdd334cd221305ef7fcea66b3d482e9,3.5,4,4.5,5.5,4
013325441cd1755b18c58b8007646bb1,6.5,6.5,6,7,5
d270f43ce1191402f16ff0c5f6684913,4.5,3.5,5.5,6.5,3.5
cb7c90bc8fb7ce987ba5a4ca9f721f05,5.5,7,5,6,1
d19630b13a5d686a1b281cfa64b33506,5.5,4,6.5,4,3
02b5f3e6b966e10e7f5850ca7aaac6f3,6,4,1.5,7,3
1c4854ad86cfe3ddd4de7b7e1549d638,6,4.5,7,7,2.5
4309a709877b69f058cf0b6b14a7c427,3.5,3.5,2,3,1
21f3d0688e15499164ba8f524663552f,7,6.5,3,5,2
32dba71ad0b46db2349a85fa0eeb80f5,6,4,4,3.5,3.5
03769f5ee64b4517ada26ff98eb165c1,5.5,5,4,3.5,4
2af370a404e8fbf0348109d5cc57d125,6,5,4,6.5,6
0dcd8164e44e2ae7d3e23de809568aea,3.5,4,4.5,3.5,3
1892cf1d7ec180fe3cd69c5c330b981c,6,3.5,5,5,1
70d14c16b5b7810fcdd1e8d36172364b,4,4,4,4.5,3.5
eb9ab16102264a971d8ebf2de8954d14,6.5,6,7,6.5,2
485ca2b0f3aaab8d524495cfba949c4d,6,4,5,2,4.5
9255fceedf706b2a0c6b7f195b81b466,5.5,5.5,4.5,2,5
011aedbea90fb3b6d1e7a47526b3bee6,5.5,4,3,1.5,2.5
03c0b674cd7f03bca4e8efb87f16449a,6.5,4,6.5,3,2.5
fc03e744ebc4f90ade8713b952ee9297,4,3.5,3,5,6.5
d7c872f6c3aac6848d3838ea18c7ca19,5.5,3.5,4.5,3,3.5
411addb01aad7aa551511aedb137826f,5,7,4.5,6,3
50d7f1715a6943e6d354c0a0aaf5bffc,4,5.5,4.5,4.5,2
c5970173df670a118236413468d4399e,4,4,3.5,4.5,4
7e597b2b6ad68b6b90859762e6441302,7,3.5,3,5.5,3
e91215105329a0c2659a7b85d6265092,7,4.5,4,5,4.5
6f293c0d6de377660722cc5b40ad0dc3,5,4,6.5,6,2
cd68d240594343524591e376e89d9e9e,6,1.5,2,5,6
6c5f1fb09072764f90a3ba0b66cc16e6,6,5.5,3,4.5,5.5
33b3e34825f48ecff66b4da9bb62f9df,5,4,3,3.5,2.5
a36fda4444dbdfdb1714c81e86b13c06,6.5,3,4.5,3.5,3.5
8a158114993df620986ab251fcb971a8,6.5,2.5,1.5,3.5,2.5
1fe833a1c36e45c632966035a965355e,4.5,5.5,4.5,4.5,3.5
20afff354ba5330c4073760dee95e597,6,2,4,5,4.5
a35ff7438d7d2342148fb885636b7534,6,5.5,5.5,3.5,3.5
95127e1c8d909932698eac1083ada3d5,6,3.5,3.5,3,2.5
5cd2c8c8096827fed6ec86a95773100c,5.5,3.5,3,4,3.5
7a280e547c820ea99ecd37a703e13cbf,6.5,5.5,6,4,6.5
436c0f227b9f4b107dbce1103b9732b5,6,3,4.5,4,4.5
f511f6bf46773c99129be4dfc78261ba,5,4,2.5,5,3
27d5a1e92d7d3410e54beaed16dfb34f,5.5,5,6.5,5.5,2
8058c698ea92c2ee2b62641527ebfe35,5,6,2,5.5,1.5
e330ffb07bd07161061408f49f7b1a47,6.5,5,3,1.5,3
13da9d6e5a67bab97d8d3dcd59cc5aba,6.5,5.5,7,5,7
b2f8ee3c4ad944e5940dca6a5cb251e6,3,4,3.5,6,1.5
2597a61332b5ee45e312bdd0d1067c75,3.5,6,1.5,3,5.5
b29d3c21387891c26ac03a7e77606c69,6,4,5.5,5.5,4
e7703b651c62df26e642d69d9f3833eb,6,2,7,6,1.5
f0293c94bc545647090277e24f114fcd,6.5,5,6,2.5,2.5
27497c204d00adf7f1d0e8b1a1770c33,5,5,5,3.5,2
311de15c80a38f9f595623bb424035c8,5,3.5,5.5,5,3
b099e86e7893078a96c65878e780af11,3.5,3,5.5,5.5,2
880c9d19bdf4d5ea2cea23e1b7e50364,5.5,4.5,4,3.5,4
ac5c86b64e31d0245bed6cd485ef67fa,5,3,2,2.5,5
b0fae64c77bfadc37aff8ff1fc8b6341,7,4,3.5,4,2.5
c6f9b1be1d9dd3c7208fc97a706ba231,5,3,2.5,4,1
32bdb4ddb3c02453979930f251aea132,4.5,4.5,6,5,3.5
69dabc24fcb390fabac897dd18cbf349,5.5,3.5,4,5.5,5.5
b42d7c14094394bff575ec0b58aa4690,5,3,3.5,5.5,3.5
5bc0068526b3363616dce308377c7aea,6,3,4,3.5,2
4a4f9471dc1b4c82ebcecb67487468ba,6,7,2,7,4
ef8b9a5f359c85f464e862e7927c9591,1.5,4,6,4,1.5
ea82098ce3df3b010d914c22cf920631,6,4,6.5,4,5.5
53d6b60e2b1bd66c55d34f8b449806b6,6,7,7,6,5
d2342d99b872a2e86ad3181ae4c15e9f,7,6.5,5.5,5,5
dacfb5eda263b54637af5de1ef325216,5,5.5,3.5,2,2.5
f1162ccbc5b5643ab7f1c1ffc3719639,5.5,5.5,5,7,6
96010e899a726c946163f2aa0cc4f0e4,5.5,4,2,5.5,2.5
ecdeb5a6645fda3e58d780c23541c790,6.5,5,2.5,6,3
db101545ba9a336cb1ba91821cb09f6e,3.5,2.5,4,5,1
d578617f2e848b2a3690b3a961240912,5,6,7,5,3.5
273b025392eb55d5278ec7fc6b7c8174,5.5,2.5,4,4.5,4
f783ff9b43ae004d0189456f6b5db403,6,4,6,4,3.5
6d31a8362673d236fb7eee80739f0be6,4,3,4,4,1.5
efebd7d0a63de15d95f36465b5a10f88,7,3.5,3.5,3.5,4
0a1484ccfbc23143cafd6bd152605083,4.5,3,5,5,2.5
3ba0063305ea3419004e4ad187e303c9,4,4.5,6.5,5.5,2
e26b276ad3ba805ef6fed13fcbf73ab7,4.5,5,6,7,2.5
6595886ce3a64d4b621bf98cd5993b83,6,5.5,5,4.5,1
a879abc3f7c1a28bc441ef47c4966c34,4.5,3.5,5.5,4.5,5
355e32ff6009dd085da3bfefd55dd4bc,4.5,5.5,2,5.5,2.5
4a7868cf00372bf0707e621fc8d04e1b,6.5,4,6.5,6,2.5
b73496c04b4f09ba3bb57de131edb2c4,5,6.5,4.5,2,1.5
a622f2af0bfa1682fd198a49be5ce309,7,3,6,6,5
3c8043ccd1d29a7b19da65e4df1af1d8,4.5,1.5,3.5,3.5,3.5
2acc8bf04b05e00038fbd7ba0c1b4dd5,5,4.5,1.5,4.5,1.5
220e935ed1db4bedecbede671969b8ff,7,4.5,6.5,4,6
d623f447ef4c65f1b60dfe936dee5f9b,7,6,2.5,5,4
fc2c01b33289572aa08c1af456cc23d9,3.5,2.5,4,3,4.5
15d1bba49f80936afb5f17f25b58cfd3,5,3,2,5,2
37e21126a2f31396aee6e8fe70c01d03,6.5,4,2,4.5,6
450ef92e57d8eb2bd71fddc9a39e0c3b,5,4.5,6,5.5,4
6a0d041ca447caf283aca80c69f548d1,4,5,4,4,3
d0601c13745f5a0111e9db5a8e8d94c4,6.5,4,3.5,5.5,2
e8525624725a0bed60a5af33a362c0fc,7,4,5,6.5,2
d8312a670ff0669fc4731cefb31565c0,5,4,7,5.5,2
2bd7ca9d0b65677a977981da74c6d468,5,3,2.5,3,1
3b7738c7138e89652dd770103601668a,7,4,6,7,4.5
93f800c4e44b0a1e45419b9c53ad4e4d,5,2,5,6,3.5
1e5ea63d22ac9edd6b35b49c669687e4,5.5,5,4.5,3,1
6433d1b0e81df7bba12e4c956a5da310,5,4.5,5.5,6.5,2.5
075d07460cd55b9f0eb977b5b1929759,3,3,6.5,3.5,1
ab353aa647622253dce1877e41c0d43b,6,2.5,5,4,4
ec1ca11e50277842737042b0d4003c6a,5,2,5.5,5.5,3.5
901f1b5d522cc420ec94d14c6a926539,7,3,6.5,4.5,5
335539659442f5bc793956f825e7d0e4,5,5.5,6,6.5,4
729764bd5a8d983cdc3c199a3f8012c4,6.5,6,3.5,5,2
df2627ba1340ace62c8582d66382d8c1,5,3,6,4,3
53a4f226172df01c30f90975ee5eea7b,6.5,3.5,3,5.5,5.5
d72d30e37bf1533000d2f655955340a0,7,3.5,6.5,5,4
33497694e8ac226d26d97445fea6cf8d,5,4,5.5,6.5,6
de77e35ee26f66bcc83c91b3caf47b30,4.5,5.5,1.5,3.5,1.5
d2b998dea46a2b465635cbe96664ea69,6,4,3,3,1.5
df54219006f286147f50fe97792db160,7,5.5,2.5,6.5,7
eb61d1de6d06c7624acb97262843296e,3.5,3.5,6.5,5,3.5
f86194e5108223325e2c43aa0997bb80,6.5,5,5,4.5,6.5
b71ce593dfe831739fa40cc58af648a6,6,4,5,5,2
15a57baca0cde6a89f37533c2b9653ce,7,3,4.5,5.5,2
6b50a72eb5cfc0fad95a114204a53480,5,3.5,4,3.5,2.5
19f369ecd33496a711ba25edc3ffbd3f,6,2.5,4,5,4
a9d03b5005511ae01f182c12b70dc543,3.5,3.5,2,4.5,6.5
26d58c8d4632f88d3196a326a92437d1,3.5,3,3,7,2
532fd411499970bc8dc20f4f754084f9,4,5.5,4.5,3,1.5
e0217b310adf000f91e20629cbc8fcb6,6.5,5,5.5,6,6
fbb5eef92dc7fc71c74419fe3a16a4aa,5,6.5,5,3.5,6.5
7369b7b3b2e65068b3c4f345ecea2720,5.5,3.5,2.5,3.5,3.5
d0f23a5ab6c3a8f37fd4cd601dd2ddf7,6,4,3,2.5,5
4a76be5a6f57ff218df7ee45e51918e3,5,5,3.5,5.5,5
616a665715757e911bb7d7e6526ebc01,5,3.5,5.5,3,5
571e05bf1f156edfb5e1e35d48182833,4.5,6,3,5,2
c548c34ad1bb31ba48eeb3603e6fa0e9,4.5,3.5,3,3.5,3.5
55a4b70f856a7b2269ec46533aca29fb,4,5,5,5,2.5
121ce30dd8e97cb141f288dc0fd7326e,4.5,3,3.5,6.5,3.5
ae7f3148f84bd123435ef780a07afe4d,5,4,4.5,6.5,4
80aa5ea2c1535ad0ec9cbea06d433106,6.5,4,6.5,4.5,3.5
e84dfe99d244aff7e2670cec0757678e,5.5,4.5,5,2.5,3.5
0faff98ab0e8f0418143ca1d60540df1,6.5,6.5,4,4,5.5
0865c1e98f4fcd27a835c7d8bd45b58e,4,6.5,6,4.5,2.5
83557a550d3101b0a8ed14e2056b4dba,7,4,2.5,3,7
aba5f32ff88dba3c5522c176deb5ae92,6.5,4.5,5,6,4.5
13293fa9163a7081b817019240bdc4ce,4.5,4,4,5.5,3.5
d6dbf22bbd69b4ecbd8c6a09cf7fbebc,7,2.5,2,4.5,1
4bf51c911ef78b661c42093a975cfc26,6,3.5,4,4.5,5
9a0ddadbdbd029cac6b69f2f07dad0c6,6,3,5.5,3,4
46286f683f8cb3eb732593a7424496c4,6.5,5,6.5,5,6.5
af4ba6f754893477d3b39341ca73088a,5,6.5,5.5,5.5,2.5
0b6db5c3e067055fc829e148686e0558,7,3.5,5.5,6,6
588e6674ac94bf06e77c765ed1a9076e,4.5,3.5,2,6.5,3
f03abf8c0274f20c03af1fda78dd5055,4.5,6,6,7,4.5
f4c68b5aca7e6ab56818655a8c2db240,5,4,3.5,5.5,1.5
746afce63adb1b43ac17abb1ddbf67ae,5.5,5,4.5,5,2.5
b27cb782a219325f7c8299384b04b2bb,5,4,7,7,4
2bc194696e02a2e66f3b973f911e9297,5,5.5,6,5.5,5
a3d8aa24fedd3e5a5effb86cf9ed3baf,7,3,3.5,3.5,5.5
257ecd6e1bd1067a7cedfdf12b682e24,5,3.5,3.5,5,2
78d5963fceafe767e03b49b16f264393,5.5,6,4,5.5,4
856c5ecadf212e198d41efc55b420f07,4.5,3,5,5,2
b646ea872d30da48c94cbb27be5a1852,3,4,2,4.5,5.5
487e001ea9e51221cfdfe7a50b886abc,4,4.5,5.5,6,3.5
3902b324045aad29d9418e57a85442db,5.5,3.5,4,5.5,4
0bf9fd0830a82e66b5d80856bad039ad,5.5,3,2.5,3.5,3.5
42dd0b8612d53aa3df4bd47423be90f1,2,4,2.5,2.5,2
8a55779bbe7fb55979d4002a32a35800,6,4,4,5,4
b04eb60d29cb639ada91f0b7bffaeb6d,6.5,5.5,6,2,5
2c17d7db2066e01f98608ee019c96475,6.5,4.5,6.5,4.5,5
14dcbc892d656fbd87561cae420e25d6,4.5,4,7,6,4.5
e0dd36c0936159d27d8189e4d5bcb253,6,4,4.5,5.5,3
1129620aeae77f97f8a472f7e3f36a6b,6,5,7,4.5,3
6d3526ee990150dce24d0f1be78a3438,4.5,4.5,3,4,3
29baa4d250c9ac728e3684d2270d1243,6,3,1.5,4.5,2.5
ba208b0458fd0f8ef10ba6bad1fcfe7f,5.5,5.5,3,4,3.5
e63d3d4867735e6b231bc9aac06c1498,5,4.5,4,2,5.5
e28a2fc90264b9094e2ae02a1b1d979d,6.5,6.5,7,7,2.5
b917bfeb6cc5d4da5df951b2bfbe5d47,4,2.5,3.5,3.5,3.5
9d4263cafdeaba84ebad50e252d0e89a,6,5,5.5,3.5,4
cecd2b875effe1ef4f656e8aabd5579d,6,4,5.5,2.5,6.5
26386a14d5a7483dac665cd479ce447d,5,2.5,7,3.5,3
64869e7f7d47d719a4136da707bae9c6,3,6,5.5,5,2.5
eb8da3a9c2ab7a906fc31eb8cfe8aeba,5.5,3,3,6,3.5
82b292267a92215020316e75acc8c396,6,4,5.5,3.5,5
08ee9907c0ee0a74246b27e2e6f1068d,5,4,4,6,2
192ff60bd8841ae6727ed1861e60156b,6.5,4,3.5,5.5,4.5
beaacbb1aec9a28f28da723a355d8080,4.5,3.5,3,3.5,5
8bf199cc5f657f430678ea32f8cc3db8,5.5,3,4.5,4,3.5
9f1cc1ef15309be58719c44849f2ebaa,4.5,3.5,4.5,4.5,2.5
1a79244bfd5db90dcfbda905b89cdf25,6,4,6.5,6,1.5
1b4a5948994040a3a8d07007fe19169f,6.5,5,5.5,5.5,4.5
da767e07640d269ec16492e03aea78f8,6,4,2.5,3,3.5
e2a9f56b801f7ef0a1ac7d61ff89c6d2,6,6,7,5,7
f8b0f4c1758a0ded3edb58ae5bffcb03,6.5,5.5,4.5,5.5,7
7eadad825221bf54a07e5e36e06548bc,6,3.5,4.5,6,3.5
131c3a21d73ff7b571aa92210afd4cf3,4.5,3.5,5.5,3.5,6
77d6f90c08ca9a0b2037f93ed994ec3a,3,4.5,2.5,4,1.5
ac4f1047378e0b19267fe878d4c528d8,5.5,4,6,2,1
57885e10d4ba681555a6de5fa0bfe2bb,4.5,4,4.5,4.5,3
03fb72b7cfdcb1506b66dac714a29f6b,5,6,5.5,6.5,1.5
43c6d5d68ebec78af62a3ab2f6326e65,7,5,6.5,4.5,5
298139619ded347476d8d392c762c612,6,4.5,4,6,6.5
9ad1c370414068da6f2e78b925771841,6.5,5.5,5,4,3.5
f90a29aa84b33f6c7532b085ec8e5bbd,4.5,4,5,6.5,5.5
6a9fcadba9e29bbef2d9360cc2ed9907,4.5,4,5.5,4.5,2.5
c4c543a8b227b2222f68d2a7e7990616,6.5,3,7,7,1.5
c270613b994d664c9f571180e312fc32,5.5,3,3,3,2
2612d3beed1a800d99bf24f73af0d1de,6,2.5,5,5.5,2
cf74c4ae63fdb2a3e9d18a72cdd4e6f2,6,2.5,4,6.5,5.5
2cb0878063730cef4a8b4188e4afb611,5,6.5,6.5,5.5,1.5
defe8d29021248b0166b8581215d6f8a,6.5,4,3.5,6,7
2cc630a999d08c08c075ac38708b9db1,6.5,4,7,2.5,7
502fc118fd9b3a0882fc0f4da1dbe009,4.5,4.5,4.5,4,2.5
1511505b1bd89e2c563fc85db6439503,5,5.5,2.5,4,2.5
cdd144adf9349a2513c281f097340cc4,5.5,6.5,5,5,1.5
1406e7afb3eb1f83b4bd4e310cee7fc6,3.5,3,4.5,5.5,2.5
8b55472029f98f79d89fc3888db011e6,5.5,3.5,3,2.5,5
d4488acfe72bb3da5a38f7911ad711ad,6,3.5,5.5,7,3.5
c25ff830017321af8d351f2e3d386235,4,4,4,4,4
9bc3c45594f965d67419a63eb4034924,7,4,4.5,6,7
3118e2b35fc1590745a7bb0fe890cf5c,6,4.5,4,3,1.5
bc622c5c0f6dd7161db181c250cbf944,4.5,5,3.5,3,2
3aca71a01c897cbbda0effa28a44f4f9,6,5,7,4.5,3.5
9e725a43d8a4e561c0c31b7b8358832e,6,6,5,4,4
ae0c10f7c93f3219344f77286d9dfd32,6,4.5,4.5,3.5,3.5
3392b63d08cbf24e931786b16f57bf38,6,2.5,3.5,5.5,5.5
f17809bf17251db076b7b5ce622b22ed,6.5,4,5.5,4.5,3.5
1e47fac301d73fc8ac2df2c4a7fc2498,6,7,7,3,5
ace7804c7c6658bdb2c3cb12793fa9e8,3.5,3.5,2,3.5,1
810b5710d655a3c837fb6cf8d098fe88,6,4,7,5.5,3
2c0da97c8192ab7fa770d5ddb1982d1f,7,2.5,3,5,1.5
02077bd159c08095b9dc967cab60829e,6,5.5,4.5,5.5,2.5
828dfcaaf58c479bdb04ccf34bbe9284,6.5,6.5,6.5,4.5,3
64d5fb86fede175b6909c0f0def52b87,6,3.5,4.5,4,3.5
b17f060bf62ea2e527cbc1aaad966797,5,4.5,6,4,4
e6995a53ae27af00295cd2b70ba42deb,5.5,5,4,7,5
c0e9b7ab507b3a7fb3a0d0c3b1859d4f,6,4.5,2.5,2.5,4
7ece1852c424d06e1ed2f789195fc1cf,5.5,5.5,3.5,3.5,1.5
802ce459e4ef8ca5110d981e6765857f,4,4,1,1.5,1.5
03918729cd69ec4a3daadfb581528800,6.5,2.5,3,4,6
6078043e02697514ebdd421b43c9ca9d,5,4,4,5,3
364face61ce6cf023147f7a8699e046a,7,3.5,2.5,7,7
1666461fde7c478b2efc1304cbf241bf,3.5,5.5,6,6.5,3.5
d6d66bbc22be8e706f551cb626034ac4,4,4.5,4.5,5,5
ce20674ed7294f9b7c5b38433fc3ab31,5.5,4,4.5,5,5
faf180d99973be7a80706b1d13bf5644,5,3.5,3.5,5.5,2.5
cc2431d306c8e19b68b10b9c43d191e6,5.5,6.5,6,6,4.5
2d8a2f49f364454542b5a515d1574eef,6,5,2,4,3
2829c0138e2eb11ab3d9517f04744375,6,5,4.5,4.5,4
d9013d3f8c71468608f23933c86e291e,5,5,4.5,6.5,2
4ab184db3a2e22e10e564267ae0ad070,6.5,3.5,3.5,6,2
78cc5520335b2513824540725dd477f4,4,4,5.5,2.5,2.5
023a329aa33c0b602f63ccfa83a08869,5.5,5,3.5,2.5,3.5
eb913e401f52aeb25d9aa58ce428bedc,4.5,3,4,4,3.5
3e0c0afd46ee7366f328ddf1dae83479,5,4,5,5.5,4.5
3e0c0afd46ee7366f328ddf1dae83479,5,4,5,5.5,4.5
2e944c30c32797e5549c3aae470bf6cc,4,3.5,4,4.5,2.5
a7f5bcba0ecfe9634da7d5d59fa09ca1,6,3.5,4.5,4,4
1eaa4b059f1e3159370bf85320d9c097,4.5,6.5,7,6,1.5
c7b35072841dc192751911340a44dd4c,6,3.5,4,2.5,3
1c0984ebe52add96f6f29ab3851f7fe1,5,6,3,2.5,3.5
60f6fa627a44c0405d0c4ed6f1442e61,4.5,3,4,5.5,1.5
a9b2f15e13d5d4a9b6042d0eec0ccda0,6.5,2.5,4.5,3,6.5
8166a7a2d97e96ff235e46d3d30cd86d,4,4,4,3,2.5
eb4ed96eb588309ac7464956834704f1,2.5,3.5,5,7,1
c447d038999a55d7e0cd12c959b25236,4,3,5,7,3.5
7a8281d9e56dbe7d8182f4bd3dbeb6e9,7,4,3,3,3.5
ca87cad02f5edf8b5b4bb44c4ede1de9,6.5,4,3.5,5.5,2
6275006f13a327b76836abc2188559cf,6.5,4.5,4,4,5
342d04dc1ff6aea2144396fa0a34d74d,6,4.5,7,5,1.5
7577e1517569949ea9c41a471803b806,4.5,1,6,5.5,5
24357fceadb0f8a612b304797571625f,4,5,4.5,3,3.5
26cfcb1d2c6c72cc1026f0588ff5c8f0,6,4,4,3,2
5dbe2dc557de2660beebe5d67c518ad4,5,5.5,5.5,5,3.5
b41604671db6d5eeaf5d51d2484b40c8,7,6,5.5,4.5,5.5
cc332e37fa837a73fa3a97873b0f1a8e,4.5,3,4,2.5,2.5
915f236f39a1657f0a1092ceb2d0e959,5,4.5,6.5,5,3.5
f1fe2d8b6b424a758749cf3b5fbc1c20,7,4,4,6.5,6
f17160cd2b487d2c719c20cde5a670e6,5,6,6,5.5,3.5
7ebe6d2cfc2fd4ce9a02b36cbe9cb0c7,6.5,4,6,6,3
be609681c912f87a2a40dcff82660e05,5.5,2.5,4,2,1.5
ccdcc7ccb91a2db745f4b3b1348a5e76,7,4.5,4,6.5,4.5
8ce67fa78aecb9c2a6df7d079e5d2dc6,5.5,4,6,4.5,5.5
a10e9d1ffd48f2141b1bb4a9a3128fe2,6,6.5,3.5,4,5.5
2aa16b2662924aa04bcec21a1f4ce44b,5,4,6,4.5,3
309ac963c61c464b2b93961e3937eec4,6.5,3,3,4.5,2
ecfb43a9f089ff6f1f2088c7012d02a5,3.5,3.5,3,3.5,3
8275dfb0d5a18bceb15efb2ad6ac2592,6.5,4.5,6,5.5,3
2e7729d6d8c74cfd050c620390381a7f,6,4,5,6,5.5
3a22da93d2047d2d37b68dc7e253f3c9,7,4,5.5,5.5,4
ce9a23ca80be411ddfceb32324ebbdf8,4,4,4,4,4
f611fd24d73500d539ec874e01f2fa2f,5,5,2,5,6
05d22a9433b819a9bdec2e22bec3e7cf,4,2.5,6,7,1.5
dc6ab89f835061d1d33e4e97cc60b126,6.5,5.5,4,5.5,4.5
a85f2aa270d748f285e0c58680bff44a,4,4,4,4,4
86355fbd52292c993493287df925cfa0,6,3,6.5,5.5,2.5
676e7576ca61cdc2c9c66b71c63e8f0f,5,4,2.5,4.5,4
1b793a5980d03d73a4ac1aadb1349567,6.5,4.5,6.5,6,2.5
6a93171e29b30995ea424ced0f04a1b7,3.5,4,4,3.5,2
3e68ec9cffd8868ee931248385694061,5,2.5,4.5,4.5,3.5
790016d91e25c04925c7b57c179c9e7a,6,5.5,5.5,4.5,3.5
8dee99e90377fc5b882da874bb438ca4,5,4.5,5,5.5,6
d2d75fca84453a86cb2447d344c892fc,5.5,4.5,3.5,5,2.5
9f54f04f6c06687c4b25c02c405e3198,5.5,5,4,4.5,3.5
783a0580ab81a3c46d3d7d7af3271e3a,3.5,4,4,4.5,1.5
d793b07d1585abb921aba2d1ee4f86cc,5.5,5,4.5,4,3
e2204477f3afeea645af4c0ec96356ae,7,3.5,2.5,3.5,6.5
df6782cc2afc2a17d8bbd4e43b1a7312,6,2.5,5,4,3
fca28afb399ea7d7f2035e4daf4f77e0,6.5,3.5,3,3.5,2.5
943b33bbcf1160861bf5b63d9edb4df7,4.5,3.5,6,6,3.5
2d96d577c21941aa46a8481049f32459,5,3,5.5,3,6.5
25716c54fc93e52fdf3c38e160b72b73,4,4.5,5,2,2
c24188f2d7167c78a258cc603088c454,4,3.5,4.5,6,3.5
93e22947c477da3c9c1ce739a4faaee5,4.5,2.5,4,3,1.5
fc7f2f14caed9efd83de62140560cd92,5.5,5,5,6,6
447828c10f7b39ae3dfad9788aab7e35,4.5,4.5,4,6,5
49e8af20a97d070813ff6d8ad55efd4a,4.5,4,3.5,4,3.5
cb603ecba154cdc0549f6e68c337bbbf,5.5,6.5,5.5,5.5,5.5
19c9bd2ff7bc2fb912905ad18d30e91d,7,5.5,4.5,4,7
77a65e513852d16136c1c247e436ea6b,6,5,7,3.5,2
9fd6b710cd701d48c1d16f8833321402,5,5.5,7,5,2
1319f0298c22296f0b861a77c543c43e,6,3.5,6.5,6.5,1.5
3b4a1c21f225a56e2804fdf96e1fd506,6.5,2,4,3,1.5
d7e50b46957636a005e98bdabc8ad199,3.5,3.5,2.5,5,1
4831d6f8ad9533bfddb94d1d2132b79c,5,5,5.5,3.5,5
738d12520830498000afca73542000b9,5,6.5,2,4,3
fac9be6eddf03102d31480f6b582a6f7,5,5,5.5,5,4
f26715d9d4c1f0d9173f6f90ca5ae424,5,4.5,2,3.5,2.5
073898f2c646f60aa4812d79861f44c0,5,3.5,7,6.5,2.5
323e2c1635531265a26a5e97fd05d152,6,5.5,3,2.5,4
6a25956d7fd521e0b26c1045c013592a,5.5,4.5,5.5,4.5,2.5
24754bcddb21262f09b7dc7a6c0b6bcf,6,4,5.5,5.5,3
364cfee0c3400e1c7245985dae332c27,4.5,5,5,2.5,2.5
5cfbdd31859d6f5e40c461d8065f7a40,6.5,4,3,3,2
eb129918906b07d70d94cb716c5351c8,5,3,5,7,2
17d863af38516bd639607c1ee1fa7ecb,5,5,3,3.5,2.5
35ece07f58460f10ed30264cd299ffdc,5.5,4.5,6,3.5,3.5
1badb7440afa685012a3ec46269232a3,5.5,5.5,6.5,4,3.5
5f86dc10a25ee327726b28c9a9e33940,6.5,5.5,2.5,4.5,6.5
1b6bfa79948bb414c1dc7c0717a05fce,6.5,3,5.5,5,2
0db25409d914be200df6d9acf230c9ab,5.5,4,7,4,1
4a53a8429409866a0d7a2ae2da08e080,7,3.5,3,3,2.5
9f7f0e560bb1d47e506c812a815fd5cc,5,3,6,5,3.5
c45cad88c1fd0121c51380ea0c7c8f85,5,4,4,5,4
831c802cdfa2158d3d651aa4d357d9f9,4,4.5,4,2.5,1.5
8970b37b8ce8d4148e3bd7e0e8b637fa,6,4,4,3.5,6.5
7dfced334689b427610ace78a958fb18,6.5,3,6,5.5,2.5
a2de3fc443ee37fcee53c77480c2d3a1,5.5,2.5,6,6,4.5
a0f3c13f85d8ff196eeab14b8fbda711,4,5,3,4,1.5
4d24df594459b9594c845a2d615cc550,3,3.5,4.5,3,2
1ba29b155ce5d3f43ad03dfa9991c0ae,5,4.5,4,4.5,1.5
511f3a1b4cb8d42dd8b653facbf80d94,5,5,2,2.5,1
7306e8c0286d8bc19cf33acbac8f0f36,6.5,5,7,4,2
492e253bdf0dee4ed3f4661455e570bb,6,6,1.5,3,4
1645460ec8ad254640d1496c3e63328a,5,5,3,2.5,2
d865c85da96ef6109e7eff85f7664cb3,6,2,5,7,4
b42cd19ec497c2398f9399e024314c9c,3.5,4,3,5.5,4
1c6eae10ba5516e8b4bcb99745d56a7e,5,4,2.5,5,4
3fc000babc4adbeda643081c337d64f8,6.5,4.5,3.5,2.5,3
46ea756aec37d8e06bd4154f33605a97,5.5,2.5,4,4,2
346b56fa2c299e79b25281656f560efe,5,2.5,6,4.5,3
7eaef0b6792f04e9534c0ff2f922ee89,3,2.5,3,4.5,3
aa83d75d8fd2d4a3b2bc64251cd65b60,5,3,3,4,4.5
f58f94c50eb600ba99f8b11d33170378,5,3.5,2,1.5,1.5
d470c2710652ef3842769ddcd5e2f202,3.5,6,5.5,7,4
29cc2d2b70b11430da5b4c6695cbc85a,5.5,3,6,3.5,3.5
1b10bc745f925d2840066ea4327d037e,4.5,3,5,5,4.5
90766880408f572ee614a8903e60c2b2,4,4,4,4,4
c96dcca1db0d9432bc4f1502bac9df16,6,4.5,4,5,1.5
51fb9ad093167a202a98f1e9f3059c44,6,5.5,4,7,4
c7da3af93e28b608350cb421ab15d5aa,6,4,4.5,4.5,3.5
8436855dd63552fa29089a61ad914159,4.5,1.5,2.5,4,3
ce6e12644344087a17f60c8fdc5e9bc6,6,3,5,3,2
dcc624132e0ac24eecd6c1ef265f511c,4.5,4,3,4,2.5
b6dfd58f0593e530664b48a1d1888b57,6.5,2,5.5,3,4.5
466d076dc89ad73bd801f74fa1a6617a,4.5,4,3.5,5,4
2dda4335718e2e885866d9dbd4f3382b,5,4.5,2.5,3.5,5
27964ccb8832547ac732c0679aff7acc,4,6,6,5.5,2.5
18a4d549ef3f9261615900ee3ba29cef,7,4,2.5,3,4
c91c18b8390218ed3153a991997dd572,5,3.5,5,5.5,1.5
361e248053c68b4e4f0af19425d546c4,2.5,3,3,3.5,2
ac0008aaa566005c7783b3a5096c1c2f,4,2.5,2,3,1.5
1d789121d0a4b141b5e9858f987a6fdd,4.5,3.5,5,5.5,4
51e33b58c9ea8066914971e47d1a6879,4.5,4,5,7,4
cec7ba9c1d8cca7b8549d9e139f40d7f,5,3,6.5,5,2
fd99aa6b3db8e643e05a43d034a1ab14,7,4,3,4,2
4f1a207438c0b6f15c6572748e6238b7,3,5.5,5,4,1
ee31384ad06c4aa668e35f73c54d4274,7,4,3,2,4
6ad6c91797b029ae9111b37fcb4c98bc,5.5,5,4.5,4,5
d88e6589fe1e89c3f222fbb8247b4d6b,7,4.5,3.5,3.5,4.5
a714639b0697170dbe1e4b4d5ecfb4cb,6,6,6,5.5,2.5
5e82ce34f999ec0dbd2859b8b04dfcbf,6,1.5,4,5.5,2.5
5e82ce34f999ec0dbd2859b8b04dfcbf,6,1.5,4,5.5,2.5
7d069efc7053b861d6bc01f335ad9187,7,5,3,5,4.5
4d297110d13db86e8a2b264b0a0c17ff,6.5,5.5,4,3,5.5
713b498a22f719195bd512025e65cebd,6,5.5,3,3,4
ef06fd6d00ba74c65c263616501c9764,6,4.5,4,5,3
7fad542701b55624dac8cc0fb2d1ba82,7,3,6,5.5,3.5
22c3ee34b77494036326bc6f91922b01,4,3.5,6,6,6.5
784390ba3a38143fb3aab45c78d62ef5,5,2.5,2,4.5,5
b5dea2d69c48c70d9eed5bf72023a171,5.5,5,4.5,5,4.5
2956ff055c67bbb1d2fa2634a88b1a8d,4.5,4.5,4,4,3.5
a2d7bce7590c4b1e7bcb705801ca6f9b,7,6.5,4.5,4.5,2
f80947bb476d262826d2e6872cf78411,4,4,4,4,4
ac8f4d8adecddaf5ae1d8a19842e5454,6.5,5,6,3.5,6
87c393cf2a2aac61ec99635a2356060a,5,4.5,5.5,2.5,5
efb2f1969a2bcee02039a68e6da032b0,4.5,2.5,3.5,5,4
581b29abaac953de7227edd7aa02bf75,3,4,4,6.5,2
b69b69b560da6f5aa7bd9fb41e1fb41f,7,3,5.5,6,7
ce4dee6c20b66d091c7a1f01e94eb2d2,5,5,4.5,6,5.5
16512a810965c1b9cbadacecc1bdef9f,5.5,4.5,6,5.5,2.5
10a6fe26430c32fa430e566fa1fca608,6,4,1.5,2.5,3.5
12875314f937d28f9cfa3a3e2e8c1dad,4.5,1.5,4,6,1
36697826faa4093b64a0014a77243dc2,5.5,6,7,7,1
4d8a309ea0701db6533cce8cb8af1b99,5,5,5.5,5,5.5
0e3419d2813d24a4bee3dfa3b530f245,5.5,3.5,4.5,4,2.5
afec320b35dac897325659180d528c36,5.5,4.5,4,4,1.5
61756dde20d70f14f98d81c835090db0,5.5,3.5,6,4,3
cfdf6bca597d8e26773cbafce04368b0,3.5,2.5,4,5,2.5
1e39f9eca5fffcc4d60e6cd7a96e50c8,7,4.5,3.5,4,2
7ceec9e79e8b4f216cb1b4d57133f46f,4,3.5,3,3.5,2
524eb99dbffb46574b8b72a81c2ad8a1,6,5,5.5,4.5,2
2c08877af1dfe43fab74479e899bae01,4.5,3.5,5.5,4.5,3
411993905725d9d5fbaaabe618e00fdb,4,4,4,4,4
e7142a7d4af010afa576625b65198dcc,6,2.5,3,5.5,5.5
9edfffd3afa1ec1757b183186c91fd2e,3.5,4.5,3,5,2
7edf37cec4214d2b0a6e1d660794a235,6,4,5,4.5,4.5
4e53887b17f3e7ceb2b9ea687497075e,5,4.5,6.5,5,1.5
64d1e60cade97f3f701aa5348c320a74,6,4.5,3.5,4,3.5
f5a50f9dfc54a57a85a91f0f71b18a06,6,4,5.5,6.5,3.5
5b90de7a7eb24e3350ab0f05ba78d793,4.5,4,4.5,4.5,6
5dbf4f9bebc613d8dd6c3470cb96f9c0,3.5,4.5,5.5,4.5,3
3b268fcfdfd5523d30ba026fd4af523b,5.5,4.5,7,5.5,5
655e9ec8da090890d4301410f5b8dee5,6,3,2.5,6,3.5
cceab03070ea26d9b36c1a61fb8f89d6,6,5,3.5,3.5,5
c7e2ba8d95691c1506ede790b29b7538,4.5,5,5.5,5.5,4.5
3b89f613126de02e259c0480c10c5363,5.5,5.5,4,6,5.5
f1d53c7a75a441231b635e4f7e07f5c1,7,5,6.5,5.5,2.5
651b7dc0a8414a1bf30257fc489e5352,7,6,6,5,4
aff98e6a4bb5076fb427f958a83c388e,3,4.5,4.5,3.5,2
2d3a2f15d6a36b724f51627c8bc318cc,5,4.5,6,4,3.5
7b056bf8db79123d0c42be9d9aabe01d,5.5,3,2.5,3,2
def8e185dcd32aeba27c32c564bd4c0c,5.5,3,6.5,5.5,5
c2887e5e001977b43a24bfeff1727a5e,7,4.5,7,4,2
e3502ccb6f675cb6e339361b4aa2dbaf,5.5,5.5,4,2,6
77088137de5094b63d00cd0835441f4d,4,4.5,4,5.5,3
08419a2991116300be4f440f45f1c71e,6.5,4,3.5,5.5,4
1a679c745b9a782f1a6d65ad14069042,6,2.5,3,4.5,3.5
f345ae5d477850d17421f8402695e8dd,6.5,3,5,6,5
ed88c204cad69940a719cc412a0a67a0,7,4,6,4,1.5
c9c570977dc739423f29313dee44a487,4.5,5,3.5,6.5,4
da796de6ce2db0192a14287fa69f79ee,7,4.5,4.5,2.5,4
70f8c03340cdec2f1390648a33eb0514,6,5.5,4.5,5.5,2
29269716223ac43f3921533adce28fce,6.5,5,2.5,5.5,3.5
a7c8aa435c723a436e642459d82ed2f5,5,3.5,6.5,5,1
1b52227b302c96b38e8fa2b2160f65b1,4.5,4,5,5,2.5
9845ddf014461f2f675a7a4b10763ad8,6,4.5,5,5,5.5
8c94d28dcf0c6aa26a13c8e60b461a7c,7,5.5,6.5,5.5,3
86a8c39963f5fadc02abbd496600f6eb,4,4,3.5,3.5,2
c2368872eab6e86e41105672c3555c94,5,4,3.5,6,4
2b0f3c968aed1a0132934b58d406dc01,4,4,5.5,7,1
117411aff2f6f0e06ed286b79c556149,6,3,7,7,3.5
a0182ca3b01a837babd2c4337d7dbf5b,3.5,6,5,5.5,2
9931b0cf367f22611cbaaed0fd9ff883,6,6,5,5,2.5
2691ba6cead186a4bef6fa02dce104f3,5,6,5,4.5,3
9dfebb47d6f00a4d13921922f4143d5b,5,6,4.5,3.5,1.5
92d4510f447448d5bc538e936eeedc02,6.5,3.5,4.5,6.5,3
02e8739e67552c6a0a59d09a63e0c121,6,3.5,3.5,5,2.5
a1f56f59a461db959f27e1221642dac7,7,5,4.5,6,4.5
989b42a627f93ec44b8292cf6bdc7f37,7,5,4,3,3.5
872232ae22400781ce98c1fb875dae83,5.5,4,2,4,1.5
67b93d2c31ba749737ce6e66bf1ea34f,4.5,5,5.5,4,3
aff4890d7cb9492bc72250abbeffc3e1,6,3.5,7,4,4
58605774a315f38e21de3d00c42ff11a,4.5,4.5,2.5,7,4.5
553b6e731d86f7a97fd4825216baeea7,7,4.5,5.5,6.5,4
8f61ad2a1f93519bfbdd0ff541c586c4,5,5,6,5,3
1a760430fb8099fc5bc558383521ca22,6,4,7,6,4
6efbd2a73ac6e19e87e691a42ebbfb87,6,2.5,3.5,2,1
231e1fb19827cd683a1841c59b181c7d,5.5,4,5.5,6,4.5
3be233114bacb3c295f5561cf3e0e581,6,4,3.5,3,2.5
600b0672e803ab86e98fb673a6ad6636,6,4.5,4.5,5,4.5
433a06c0bacb411430cd22e3844e2a9c,4,5.5,1,6.5,2.5
cc5659243407e21ae945958f2e12a6d7,5,5.5,3.5,4.5,4
d5933a70c5da3152b798aa66e3bde144,6,4,3.5,2.5,6
aa0b63204fbd08ef1877130f308ef1b6,6.5,5.5,4,5.5,3.5
b58bef7205bb8f36e923f525f5c42afc,5,2.5,5.5,4,2
c81a1fea583f307d8902dfc460a92649,4,3.5,4,4,4
7f00d972c94d9199f7df93404b4a9563,6,3.5,4,5,3
61ff3ce10502a9648a9a3056bc2dc5a2,6.5,4.5,5.5,4.5,6.5
c5d4dd57fc66ea044772e378d7c0c890,3.5,3.5,5,3.5,2.5
e0a3619b25009f20c9bf75ed025d0c49,5,4.5,3,4.5,2
f9b914fab02f924b6351ceb96b8011c7,6,7,5.5,4,4
6d728fa2b6ec370a0d7d4f7ddcc71c89,6,6.5,3,6,4.5
1ce0feff54e082cf7e87b70f22d7cd03,4.5,4,6,3,3.5
d0bbe1a62856079a526c2d6c0329c2f6,6,6,5,4,3.5
e1e69517cf97c5047f13fa8ab45b4559,6,5.5,2.5,6,5
7a405ad7edeba1f69f00284de1c85480,5,4.5,6,3,5
e026e74f7cebe2ace23ae117b0526bc3,6,4,5,4,3
b05a0c35fb6e8b36ddb92f3164f23245,7,5,4,6.5,6
b4bce11d89fc625704ef82ac4619c17b,6,3,6,2,3.5
67b50a2aac43f7ce1502dce16dad4dc2,5.5,6.5,6.5,5,1.5
842a86141d9fa0290d8add98e842168d,6,3.5,4,5,5
7fb298b2310380560cd02305b2c275d0,6.5,6.5,6.5,6.5,6.5
8a3a07c8ef4d4a2b364ec4349b485155,6,3.5,4.5,4,3.5
e7a8e0d6359cf0434ce4616b7c47fa24,5.5,4.5,4,1,2.5
5aebac2e3c4c2b4bd0feefbf94decffe,5,3.5,3,4,4
6e1b82afd3180707137d35251e6ceef1,6.5,4.5,7,2.5,5
742a1eca2e639e3d2d041669c2bdaf78,6.5,4,6.5,5,5.5
1b06cd6b060e1fbfa039e90738cbe1ed,6,3,6,3.5,4.5
35dfa33a6cde2bf886d64bee03701656,5.5,4.5,1,5,6
9d3ceee1b1a9006eafc42ab72cba8fd4,4.5,5,4,4,5.5
46daffcc426174e130b2886bc5994056,5,3,5.5,7,2.5
1e2eb3c960b9a2841d767704f47b55c7,6.5,6,4.5,5.5,4
dd87b291638dd5077d8de523af9f5899,5,3,5,6,4
3066d19911f261d0c44d60e673699833,6.5,4,4,5,7
6bd38b2e50322b79b5694a2d1fabbaf8,5.5,3,4,3.5,3
596b6dbabbc9a2116e5567d2f0eb1aa2,6,3.5,5,2,3.5
484f08b60a89363a132cc0f2e2a5c117,5.5,4,6,6,4
19cc7ba3772578824dd40ca6b6c5aa32,4,4,4,4,4
e96151a6c1f5e5b5229ebcad86420c20,4.5,3.5,4.5,5,5.5
d4ae4d326f90f98254471eb9bd93ede5,4.5,3,6.5,4.5,3
13a0f1165e4cc20f0e004d61934a6fc0,6,3,3.5,4.5,5
a7011d58804f13a7dadc9a0d0f367e2d,7,3.5,2.5,4.5,2.5
cd4553808d65e329e993a537feb59955,6.5,6.5,7,3,1.5
f0d400b5185e8df3f101265181970842,6,5,2.5,5,4
c0b7697b1f79f81d7914120ac2083542,6,3.5,3,5,4.5
09c763e6e3d22ed1645c96f9893915a4,4,4.5,6.5,3.5,3
5b102a0d1ed058b566b302616f6fb66d,4.5,6.5,6.5,3,6
a81f8c7f8c440734bf060bf557123394,4.5,5,4,3,1.5
686ff5653a5b3d8de770cd80bb940823,4.5,4.5,5,3.5,3
b4974a55100bcb0e5466215ae2411ecc,4,2.5,2.5,2.5,3
606d2c8e2c6b9359385b871b61db45c2,6,6.5,6,3.5,4.5
3c98974ceccf226f4a6099cee324a957,5.5,3.5,5.5,5.5,6
336e805d0988e2b222639b5e4b389f61,5,3,5.5,6.5,2
463fe2b81fbf1f05e47adcbd337908e7,6.5,5.5,4.5,6.5,3.5
8927c207971c49a6472745a8d552005b,4,5.5,6.5,5.5,7
bbc430d4090d89abda6a06e7e9a11161,6.5,5,5,5,3.5
ade0ba45447504c98ca80b4959a09dc1,2.5,4,6,4.5,3
9cc83711ac7e212d0f0f6712671f50f8,5.5,2.5,6.5,3,4
8fa991e05a3e4f5850929cc1f474de00,5,3.5,4,3,3
68c2b66aa6e747e6fcec9da85b6f64d0,5,3.5,4,3.5,4.5
e4bb4751286d1511e9ec4030a50d6fab,5.5,4.5,5,4,2
ae70ad5525335e05cbb0edea6b4cb3b3,6.5,3.5,4.5,6.5,2.5
04baa80dbe358bada88a436fe03c4e94,5.5,5,7,7,5
ce65a5a2bf0cc2f6205d84bdde2694e0,6,4,6.5,5,4.5
ce1ef9fda928d1168982b811d3c6c7e1,5,4,2.5,4,3.5
58a77939ea4f0735248ed60da262d93a,6,5.5,6.5,6,4
d8ae5367512e08c317ff43d852c748fd,5,5,5.5,4,4.5
857106ba919cec57ad8fd64e284a717d,4.5,4,4,4,1
d02781a3c7dfd6b4be540ea383493e2c,6.5,6,4,4.5,7
7826700994c2772a8a0b8b692187bc5f,5.5,4,6,7,4.5
41b683fd7edab34600df6184d89411b2,4.5,6.5,6,6,4.5
a58be5374d4b2c70709d43f39ea93bfc,5,3.5,1.5,6,2
35afcbf0c50ede54759a40183469178c,6,3.5,3,6,3.5
14a2d74063f6cc1f2bf1b8019916905d,5,3.5,5.5,4.5,3.5
e94fff31b96b6a80cfd3f58d4da10de1,6,4.5,6,6,5
cc25be4d88cd52466a75ae460ed94de5,5.5,3,5.5,4,1
56050554fee514582533dc0579e4ff7d,6,4,6.5,5.5,1.5
e442e75a1555d2ac5e4e649cb44e1be6,5,3.5,5.5,5,4.5
d799a85ec3bceef47bd6b374c1e536f7,4.5,5.5,5.5,5.5,2.5
e6c576c5381100112548f75f14e93a12,4.5,2.5,4.5,5,2
3c94146152b2f28c571a54b03ab81279,6.5,3.5,5.5,6,4
74408d8ade18901ee3d395414e2470f4,5.5,6.5,6.5,7,6
332c4662d34705185d1d3df224b71412,5,4.5,5,4,3.5
2153d68a626a24b824d39f42e105f6c1,3.5,4.5,5,4,3.5
b89b1979e03424b9b30cb19d0153511b,6,5.5,5.5,5.5,4
97c54d4e87d7f54f54f9479685cc4966,6.5,3,4,6,6.5
863cb08a0a04e1bae6221d44da5adfab,5,5,3,6,3
a649bf26003b3d4c1e55d9c469cbc265,2.5,4,6,4,1.5
fa33b1d1b69797917d97252880449a30,7,4,4.5,7,3.5
283ca1bfd11348488959e9ed35c2f981,6,4,3,2.5,1.5
313f675a248a4636be27b85fdad8352b,5,5.5,3.5,5,3.5
f40d5ff263ac1e85b70cbb8591a4239a,6.5,4,4.5,2.5,5
17235440467a3b5faf89d0a2277feda7,4.5,4,4,4.5,3.5
34486e88902fa62e600fe639a4710197,7,2.5,1,2.5,4.5
1ec06d17883c90add15d0ef1b1d00477,6.5,6.5,6,5,4
b303eb983443cf9efab4174af03b8b97,6.5,4.5,3.5,6.5,6
987182ae7ce673006fa8a433c1f887ff,4,4,5,6.5,3
82f336ffc9ece23ab173c73a8d86bb96,4.5,5,6,6,3
a7cac3fe668378b34ee648eb3e783955,6,5.5,5.5,4,4
bc13269e5655dc62c1fd700661155dd3,5,3.5,5.5,6,4.5
7b358e6a269842328f15de13d2634072,5.5,4,6.5,6.5,3.5
8c203d63775b449645cfb8645bb0bda9,6,3.5,5.5,5.5,6
c9b35948d6fe8f8f1615dd014889a1d6,6,5,4.5,4,3.5
6175353f9cfac36b65aa6ef84663730b,6.5,3.5,3,3.5,5.5
88e40793d3c0dbf873065adf3e1a8f2c,5.5,4,4,4,4.5
022047320a00d607009323875a19face,5,6,6,5,4.5
d016725bbf25ffc256a152efc944385e,5.5,1,7,7,2
ce2d2268f564b82f2137e347a86cfaef,5.5,6,6.5,6,2.5
a6e8ca36c01bcbf869d98990cd65e4ba,4,5,4,5.5,3.5
4aadc0f625ebef188e119b684acc4121,5.5,2,6,5.5,2.5
a9ad3177e131f36dce6cfc2d9f17da15,5.5,6,6,5.5,3
367cbbd195682b3cffe8723162e52368,6,4,4,4,4
d1bd623179815da4596be89517b13ba1,6.5,4.5,3,3.5,1
8ef7b3ab695f6c1dfa16f11b1e9680f0,3.5,5.5,5.5,4.5,3
f75e47410be727f13c6537240240ab91,5,4,5,4,4
e4758ee69c27f191c8a6cdc534a1c17f,5,3,7,4.5,2
4d520f5df0587d29759fd86b703eebc4,5.5,5.5,1.5,4.5,5
5dc2c689e1a8b5d5cdcb646590784652,5,4,5,5.5,4.5
dcbbdb10b14af769cbf54eb18bc160a9,7,2,2.5,2.5,1
d9b98f5f0ac109e69b873f7c914cb05c,5,3,2,3,2
09feeef6a59ddbad7168d3625159b64f,6.5,5,2.5,2.5,2
9eeda3a8d3411d3f75c7c81757371205,6,4.5,5,6,3.5
1edca56055fb3ccd9a926a3846fd07ab,4,3.5,3.5,4,3
09852d65c8e3a654733c3ac384df0403,5.5,4.5,6.5,5,5
9014860434d98ab2f6225f84924769c6,6,4,4,5.5,2.5
23c07ddc3aae551f25cc5c1bfcc28386,7,4,3,4,6
0066fac81b62656f032c085d96e378f4,4.5,4.5,2.5,4.5,4
1153826bfca8cbeea05487daa99f425e,6.5,3.5,3.5,4,3
1d7cc6d2626804e4ceba478cc00a7ec1,6,5.5,6.5,3,4.5
e1825ae1acf944c253f186acea7f4563,7,6.5,6.5,7,4
12c79cd31a0f464287e50c664f173da4,3,3.5,1.5,5.5,4
2bffb8030f8ca6de50852d53bf114c31,5.5,2.5,4.5,4,4
9a41c92cd6d6587fb68876ea59d50293,6,6,5.5,5,3
69853108395c2d41c9d7688428f6e934,5.5,4,6,7,5.5
f1987f0cc9bc77983c86f8e0db19d4ee,7,4,1.5,6.5,1
ce462e4c9751e103161a852c51e2e581,5,3.5,3.5,3.5,3
2bddf98e8530594f034cef9cdb300668,6,3.5,6,3,4
bb3e73aa29e846d21c5323cf78adf6a7,6.5,5,3,3,3
d02f521d3b6b024f333dea12242d90c7,5.5,3.5,4.5,3.5,3.5
dac2991373c7f8f4027b6830ba556b54,6.5,3,6.5,2.5,4.5
5be78e455a0a5cfe073644241ed67639,4,5.5,2,3.5,2
0433c74b9c20a869c1439c3ef82bcac2,3,4.5,6,6.5,6
7f2264fd031a37eff93eee36c787ef4d,4,3,3,4.5,3.5
ab36bbc7c764f9ca38ff5064af6ce857,5.5,3.5,4,6,1.5
ce1a33b28b3dc4397cf6c80bf9b23602,7,2,3,5,4.5
385bfcd51d97fc9dab853d6aade45117,6.5,3.5,3.5,3,1.5
ee56a768d25765d1a7ccb0de6380c734,3,4.5,4.5,6,3
555431c6455f5a7943f91ec86e151e43,4,4,4,4.5,3.5
7d728e298bd338a2a5d184cd2fa1a3b6,5.5,5.5,5.5,5.5,3
d314b346c0c6b5f8264c390324d0e71d,6.5,4,6.5,3,5.5
818efb7d312c7baa2a0af45c3c959837,6.5,3.5,6.5,6.5,4.5
3ffc59fefbcf0f694afa3e19fb5badd9,6,3.5,3,4,4
4ef598cdd7be4adf1d283d23aefd7b6e,5,5,3,4.5,2
1dbec7c04384354f259453a3418c85d0,6.5,4,5.5,5.5,4.5
7fbf2d8e7b84e90fd9e2698db2d22362,5.5,2.5,6.5,5.5,1.5
68c062e8e896ff6dc72e5528dd19d69f,4,5,3,5,3.5
d6fb538499150b17760e70f9bc7fe7aa,5,4,4.5,5.5,5.5
5bb111fc1aa058e1283875b86b1a571c,4.5,7,4.5,1.5,4
5d6f020d0572ed2bb4b957247b402f60,6.5,3.5,3.5,5,4.5
f7fce47a8468f42b347af74fe2a9dff0,5.5,3,2.5,5.5,4.5
71f4bad721e90b22c7fbb4c30a5ca8c8,6.5,4,3,4.5,3.5
ccb290717b47a7657e2e0818827aef35,6.5,4.5,3,5,4.5
c0519d4afe5da9d73611f084ed9b7ba8,6,1.5,3,1.5,1.5
2f2c94639e96649aa830905355b54974,6.5,6.5,6,4.5,4
97faf0f3e976d4fc5b468065e4914759,4.5,4,3,5,4
01e4e18e2e21b84ee1c5813fd5d3797f,6.5,4.5,3,4.5,5.5
01e4e18e2e21b84ee1c5813fd5d3797f,6.5,4.5,3,4.5,5.5
24d679c256072c6e31dbd82af2346519,4,4,4.5,4,3.5
5a6bac293882fb70923dba021a9cb2b9,4,5,4,5,2
9053ffec0f61d7ade4e1cc6adad27684,5.5,3.5,4.5,4,1
1b5a79f3019c8d5b78ba1d1b3d4bbfdb,5,4.5,3.5,3.5,6
1da23fdc3d0a97d5035bbc498dd83426,6.5,4.5,6.5,3.5,6
3d4848010e537909b56b3c3de91fc9c0,5,4,4,3.5,4
73b13da703becd9ab9903197cf246dee,7,3.5,2,6,4.5
bf844da2a4a8644fae51bbbb8f2741d6,5,5,3.5,3.5,5
e6e4baf87196cd0ef8d5c49de6f12402,4.5,3,4,4.5,4
a46119e467d44860527967cf566075bc,4,6,6,5,2.5
ff14f409ad4f18cfcc72d2478355464d,5,4.5,6,7,4.5
41ab4860c937ab866bc34db16b792294,5.5,3.5,4.5,5.5,1.5
87d45449b048c48044a41e0bb76eac9a,5.5,2,6.5,7,5.5
ca1e9a7a60ceb785cdb8eb8901dc2706,6,3,2.5,2,3.5
4d1a767641412b7937a758989ae0c893,5.5,4.5,6,7,4.5
fc8f6541917cb5349dc77ea8b35dcb22,4.5,4,3.5,4.5,3.5
6858c5f0da9e2c494e172d25b7881a28,5,3.5,3.5,4,5
751f30e0cee9120148b411a1df1d6d8c,4,3.5,5.5,5,4.5
552f7867031405e2d788280a88a9fec8,4,4,5,5,3.5
3f95618f397ea720377d257e06f8220b,5.5,4,4.5,5,5
dac1298b5fc8b517ae83a3a2096f983d,6.5,5.5,4,7,6.5
8bc6c3b332ec01d8ede731cf6f9c8186,4.5,4,5.5,6.5,4.5
5c0d874a4405374e9fdb6685ec1e1920,6,3,5.5,4.5,2.5
f646cbc7239f2ade27bb6ad253464a8a,4.5,3.5,6,6,3.5
d6613ecc819669ce557ee1847cf92596,5,2.5,3.5,1,1.5
99b2a7913c67e6efaee1aa46637895e4,6.5,4.5,3,2.5,4.5
6a40f472b85f48d7ad3fbebe4adcfd83,6,3.5,5.5,5.5,2
905a2625a654516d4b2e603641d27766,7,5.5,2,2.5,5.5
8bc867ddbf4b9a1f55cfcc8dfd7e686e,4,5,4,3,3.5
2719b8938c6673be0738523c7cc88a20,5,3.5,3,4,3.5
924314643c1c64a95dc2a490f3c6ddd1,6.5,3,3,5.5,5.5
ebdbbe3d6623cf6b89812f5277ce6a5c,2,2.5,4,2.5,5
2c88d52366195507be47f7fcf4dca4d1,7,3.5,2.5,4.5,6
f9b75f83fa9fc0f0b71c317959501846,4,4.5,5.5,5,3
516399385a048dc11ff05572c583ea37,5,2,4.5,7,4
2cac195a4891dc491fcc69622e159d7c,6.5,6,6.5,4.5,5
30395bd9fb6f48f6d6e29f6878f6656b,6,2.5,5,6.5,2
f0e7920537707d9fb7a36c87e00a2f96,4.5,3.5,4.5,5,2.5
57f9bed9481732511e2bfd6951c899f3,6,5,5,5,4
3e3f17d2869814e8eccfaf15444f871d,6.5,3.5,6,4,4
a5dbd214df37ca2780e9191f1b3aba16,4,3,3,5.5,1.5
3c5bc344c6e3c761e910309de5a30efb,5,4,3.5,6,5
081878e6136139dc7c3fb63a091bb8c9,5,5,2,6,1.5
ea9767e795f6cababd7e7cec9783815d,5.5,3.5,5,5.5,3.5
c819730902d6a8ba232f1abb51464d56,5,5.5,6.5,5.5,4.5
94d20bbf93289bae9a7d5b6a04198901,5.5,4,2.5,2.5,2.5
8366d79ad4483a192adcda1b3e3ba068,5,5.5,6.5,6,1.5
9a2ee61ac3762d2790b5df18a47b5c42,5,7,6.5,5,1
9b2286ed3443b47f26f179de0d110988,5,4,4,4,5
f1e8f5ad6cd427619012881c932236ce,5.5,5,4.5,4,3.5
13b11bf0115037a2ad23c68af45bebbd,7,7,6.5,6,2.5
28d1ec8a18efaf00e06bd3bb74129739,5.5,7,1,5.5,1
e6d53c2c998200d55b1880be1081e533,4.5,4.5,3.5,4.5,5
9295d93d3df3dd232405d7f06f712575,6,5.5,5.5,6,4
d6df5947daac9d2e4d01e4da61d4caf4,7,4,4,6.5,4
2d13ac4e017d747d820e9d33eeb068e2,7,2,6.5,5,3
d8ca632caa48906c0efcbc4b59552489,7,6,5,5.5,5
5d9ab3ca59a690fb1ce02eab0fba64b2,6.5,3.5,4,5,4.5
7ba14de316d2b89c2d0f5203397f49f6,5,6,4,6,4
550d4739917c8d78d4f33a0cf2890fd8,6,3.5,7,4.5,6
308d92a06ff426089b46741e2d7b208a,4.5,6,4,4.5,1
1a281dc93cf31e7df7c675af254d3a33,6.5,6,7,6.5,7
1bdf0da6066f18360f6332f50756b522,6,4,4,3.5,3.5
2ed1bc3d51040fee979678a879d0b646,6.5,2.5,5.5,2,2.5
c5e824284c3366203a1b2984148e8375,6.5,4.5,6,4,6
521c385f01130ad7cd4a9699911d89af,6,7,7,5.5,6
558454b29c22c202359ad675b6ff11f9,5.5,5.5,5.5,6.5,1
f697902c9a1562d1e1e77e4f1914bef1,4.5,3,6.5,3,4
94ffd4934b2c294d5924330dddbc4ac5,6,5.5,5.5,3,2.5
2c54bae18c62adb4a0d24648a4f8cd46,6.5,4.5,4,5,4
1721c83e5b6c164662c7323c45eec007,3.5,2.5,2,3,2.5
1a8ae5ae1ab79433b24d7e0e4b52ce89,6.5,6,4,4,3
ad44a6b801975cca855b93464fbc60c9,5.5,5.5,4.5,5,3
7fc76289415411ac50be794df58a4742,5.5,4,3.5,4,4
41286f9f295a737a097a134d86f5ad9e,5.5,3.5,4.5,4,5.5
86100f441fcaceb8c4e7a2146a506658,6,4,4.5,5,3.5
6893f8a02f4a54d63a6a2f01863c6f1c,5,4,6,5,2
da598484f65f2727924cbcab5db1380d,6,4,4,4,3
6c7beb2b93d5c5c426d1e58e3d3b1047,6,6,6.5,3,1.5
2328458eb838c69944eceeb1db1b65fb,6.5,4.5,5,3,6
cde7303d700d51657777a3d111480b3b,7,2.5,5.5,6,2.5
b9e9797d22431cc65763d0568590d9ee,3.5,3.5,5.5,3.5,1
df2e04c0ad60493476e169981b858ec0,7,5.5,3.5,4.5,7
af1fa3fd06029a4d4e7413867cc7c0f0,5.5,5,4,4,4
598eeec56c0311705caaa8c7800bcd4d,5.5,3.5,5.5,4.5,4.5
49ea8a969c538e81f0850fdafa26bde1,6,4.5,4.5,3.5,5
95f28de1942ffb51bc515f38b89df8c9,7,4.5,2.5,2.5,4.5
b6e993454be13ed4d48212ebf038a602,6.5,3.5,2,4,3.5
da7eec66296808c99884f1ea71b74d13,4,5.5,5.5,4,5.5
2ea552f5eb047e1765d69d046c4d9038,6,2.5,4.5,5,3.5
a29f2dc87cc89f7f3bb3deb1994ceae8,6.5,5,5,4.5,4.5
601251c19bb9489eb56ec8e71fc70044,4.5,2,2,1,5.5
e8035d15a4a6381c2271a3531af92543,4.5,4,4.5,5,1
d4a9ed0547d6e37e77a1bb4c12094308,4.5,4,6.5,7,1
a82810bb59070a0cf43908493e90bdbd,5,4,5.5,6,3.5
757b0a010bd1b2fccbcb8f8054254c73,5.5,4.5,3.5,4.5,4.5
35eee7c9c3b5ee4a53c259aa44513e17,4,3,5,5,4
bf8ea2284b32b6a7bd3f83af00e37b3a,5,5.5,4,3,4.5
7ecc7a107adea169e7eaab6f88468888,4,6,3,5,1.5
971ae02004a797c738b00f85dd192111,5,4,4.5,4.5,3
4874b245270d28c5a7ff150029705e94,4,4,4,5.5,1
b952ac3610935f8c6d4d1d03c85cca9b,4,4.5,4.5,6,5.5
e14229dde5fcf89346d005cd20ff85f7,6.5,5,4.5,4.5,3.5
7221054f76493b14f5d48650c0303041,6,4,7,6,1.5
05c3cb1b8a8178cede7f670072ae074c,5,2.5,6.5,6,2
8d97cf10d1b93ed2309d00749dff1bde,5.5,5,4.5,4.5,2.5
a93c70e19a3472093e8216ef5d9a6746,6,6,6,5,6
ff8b293ae258fe516c39acecb966dba4,4.5,5.5,7,5.5,2
15ea063907f4e038ed6465286e6804b4,5,4,3.5,3.5,3
cff910b71f09b3120289ff6b461a9e03,5.5,3.5,2.5,4,5.5
1ab3a4c2921d8da640854819b0f6cfce,4,3.5,4.5,4,2.5
a06386edadf3bc614dadb7044708c46c,6,3,5.5,3.5,6
bad56d9506832cd79d874a6b66b3d813,5,3.5,1.5,3.5,2.5
721ea658e148fc0f76ddd6e2b0e02422,6.5,6.5,2.5,6.5,2